<?xml version="1.0" encoding="UTF-8"?>
<export version="D">
  <design>
    <source>C:\Users\HP\Documents\KiCad\Sintaksa-stm32g031-BMSmodul\Sintaksa-stm32g031-BMSmodul.sch</source>
    <date>30.7.2020. 14:31:21</date>
    <tool>Eeschema (5.1.6)-1</tool>
    <sheet number="1" name="/" tstamps="/">
      <title_block>
        <title/>
        <company/>
        <rev/>
        <date/>
        <source>Sintaksa-stm32g031-BMSmodul.sch</source>
        <comment number="1" value=""/>
        <comment number="2" value=""/>
        <comment number="3" value=""/>
        <comment number="4" value=""/>
      </title_block>
    </sheet>
  </design>
  <components>
    <comp ref="J1">
      <value>Battery Conn</value>
      <footprint>battery-conn-5.08mm:Connector_5.08mm_1x2</footprint>
      <datasheet>https://robu.in/product/kf301-2-pin-5-08mm-pitch-plug-in-screw-terminal-block-connector-pack-of-5/</datasheet>
      <fields>
        <field name="MFC">AMP</field>
        <field name="MFC Part No.">jumper 1x2 5.08mm</field>
        <field name="Mount ">THT</field>
        <field name="Rating ">~</field>
        <field name="Tolerance">~</field>
      </fields>
      <libsource lib="Connector" part="Conn_01x02_Male" description="Generic connector, single row, 01x02, script generated (kicad-library-utils/schlib/autogen/connector/)"/>
      <sheetpath names="/" tstamps="/"/>
      <tstamp>5EFE2048</tstamp>
    </comp>
    <comp ref="R6">
      <value>47R</value>
      <footprint>Resistor_SMD:R_1206_3216Metric</footprint>
      <datasheet>https://hr.mouser.com/datasheet/2/54/Bourns_CMP_Datasheet_05.28.20-1854233.pdf</datasheet>
      <fields>
        <field name="MFC">Bourns</field>
        <field name="MFC Part No.">CHP1206AFX-47R0ELF</field>
        <field name="Mount ">SMT</field>
        <field name="Rating ">0.75W</field>
        <field name="Tolerance">1%</field>
      </fields>
      <libsource lib="Device" part="R" description="Resistor"/>
      <sheetpath names="/" tstamps="/"/>
      <tstamp>5EFE6DE2</tstamp>
    </comp>
    <comp ref="R7">
      <value>47k</value>
      <footprint>Resistor_SMD:R_1206_3216Metric</footprint>
      <datasheet>https://hr.mouser.com/datasheet/2/219/SG73P-1829847.pdf</datasheet>
      <fields>
        <field name="MFC">KOA Speer</field>
        <field name="MFC Part No.">SG73P2BTTD4702F</field>
        <field name="Mount ">SMT</field>
        <field name="Rating ">0.75W</field>
        <field name="Tolerance">1%</field>
      </fields>
      <libsource lib="Device" part="R" description="Resistor"/>
      <sheetpath names="/" tstamps="/"/>
      <tstamp>5EFEC1AC</tstamp>
    </comp>
    <comp ref="Q1">
      <value>Si2312BDS</value>
      <footprint>Package_TO_SOT_SMD:SOT-23</footprint>
      <datasheet>https://www.vishay.com/docs/73235/si2312bds.pdf</datasheet>
      <fields>
        <field name="MFC">Vishay Siliconix</field>
        <field name="MFC Part No.">Si2312BDS-T1-GE3</field>
        <field name="Mount ">SMT</field>
        <field name="Rating ">~</field>
        <field name="Tolerance">~</field>
      </fields>
      <libsource lib="Transistor_FET" part="BS170F" description="0.15A Id, 60V Vds, N-Channel MOSFET, SOT-23"/>
      <sheetpath names="/" tstamps="/"/>
      <tstamp>5EFE83BC</tstamp>
    </comp>
    <comp ref="TH1">
      <value>B57891M-10k </value>
      <footprint>Resistor_THT:R_Axial_DIN0309_L9.0mm_D3.2mm_P2.54mm_Vertical</footprint>
      <datasheet>http://www.farnell.com/datasheets/2015784.pdf</datasheet>
      <fields>
        <field name="MFC">TDK electronics</field>
        <field name="MFC Part No.">B57891M0103+000</field>
        <field name="Mount ">THT</field>
        <field name="Rating ">~</field>
        <field name="Tolerance">3%</field>
      </fields>
      <libsource lib="Device" part="Thermistor_NTC" description="Temperature dependent resistor, negative temperature coefficient"/>
      <sheetpath names="/" tstamps="/"/>
      <tstamp>5EFFEEAE</tstamp>
    </comp>
    <comp ref="R3">
      <value>10k</value>
      <footprint>Resistor_SMD:R_1206_3216Metric</footprint>
      <datasheet>https://hr.mouser.com/datasheet/2/54/chp-a-1858677.pdf</datasheet>
      <fields>
        <field name="MFC">Bourns</field>
        <field name="MFC Part No.">CHP1206AFX-1002ELF</field>
        <field name="Mount ">SMT</field>
        <field name="Rating ">0.75W</field>
        <field name="Tolerance">1%</field>
      </fields>
      <libsource lib="Device" part="R" description="Resistor"/>
      <sheetpath names="/" tstamps="/"/>
      <tstamp>5F000B12</tstamp>
    </comp>
    <comp ref="R8">
      <value>150k</value>
      <footprint>Resistor_SMD:R_1206_3216Metric</footprint>
      <datasheet>https://hr.mouser.com/datasheet/2/427/rcse3-1761771.pdf</datasheet>
      <fields>
        <field name="MFC">Vishay / Dale</field>
        <field name="MFC Part No.">RCS1206150KFKEA</field>
        <field name="Mount ">SMT</field>
        <field name="Rating ">0.75W</field>
        <field name="Tolerance">1%</field>
      </fields>
      <libsource lib="Device" part="R" description="Resistor"/>
      <sheetpath names="/" tstamps="/"/>
      <tstamp>5F002277</tstamp>
    </comp>
    <comp ref="R9">
      <value>10k</value>
      <footprint>Resistor_SMD:R_1206_3216Metric</footprint>
      <datasheet>https://hr.mouser.com/datasheet/2/54/chp-a-1858677.pdf</datasheet>
      <fields>
        <field name="MFC">Bourns</field>
        <field name="MFC Part No.">CHP1206AFX-1002ELF</field>
        <field name="Mount ">SMT</field>
        <field name="Rating ">0.75W</field>
        <field name="Tolerance">1%</field>
      </fields>
      <libsource lib="Device" part="R" description="Resistor"/>
      <sheetpath names="/" tstamps="/"/>
      <tstamp>5F00265B</tstamp>
    </comp>
    <comp ref="R10">
      <value>470k</value>
      <footprint>Resistor_SMD:R_1206_3216Metric</footprint>
      <datasheet>https://hr.mouser.com/datasheet/2/54/Bourns_CMP_Datasheet_05.28.20-1854233.pdf</datasheet>
      <fields>
        <field name="MFC">Bourns</field>
        <field name="MFC Part No.">CMP1206FX4703ELF</field>
        <field name="Mount ">SMT</field>
        <field name="Rating ">0.75W</field>
        <field name="Tolerance">1%</field>
      </fields>
      <libsource lib="Device" part="R" description="Resistor"/>
      <sheetpath names="/" tstamps="/"/>
      <tstamp>5F002B15</tstamp>
    </comp>
    <comp ref="R5">
      <value>Heater - 33R </value>
      <footprint>Resistor_THT:R_Axial_Power_L25.0mm_W9.0mm_P30.48mm</footprint>
      <datasheet>https://hr.mouser.com/datasheet/2/447/Yageo%20LR_SQP%20NSP_2013-531252.pdf</datasheet>
      <fields>
        <field name="MFC">Vishay/Draloric</field>
        <field name="MFC Part No.">AC01000003308JA100</field>
        <field name="Mount ">THT</field>
        <field name="Rating ">1W 33R</field>
      </fields>
      <libsource lib="Device" part="Heater" description="Resistive heater"/>
      <sheetpath names="/" tstamps="/"/>
      <tstamp>5F009F7B</tstamp>
    </comp>
    <comp ref="R11">
      <value>330R</value>
      <footprint>Resistor_SMD:R_1206_3216Metric</footprint>
      <datasheet>https://hr.mouser.com/datasheet/2/315/AOA0000C337-1276285.pdf</datasheet>
      <fields>
        <field name="MFC">Panasonic</field>
        <field name="MFC Part No.">ERJ-UP8F3300V</field>
        <field name="Mount ">SMT</field>
        <field name="Rating ">0.75W</field>
        <field name="Tolerance">1%</field>
      </fields>
      <libsource lib="Device" part="R" description="Resistor"/>
      <sheetpath names="/" tstamps="/"/>
      <tstamp>5F0581E1</tstamp>
    </comp>
    <comp ref="D3">
      <value>LED</value>
      <footprint>LED_SMD:LED_1206_3216Metric</footprint>
      <datasheet>https://hr.mouser.com/datasheet/2/216/APTR3216F3C-1602186.pdf</datasheet>
      <fields>
        <field name="MFC">Kingbright</field>
        <field name="MFC Part No.">APTR3216F3C </field>
        <field name="Mount ">SMT</field>
        <field name="Rating ">1.2V</field>
        <field name="Tolerance">~</field>
      </fields>
      <libsource lib="Device" part="LED" description="Light emitting diode"/>
      <sheetpath names="/" tstamps="/"/>
      <tstamp>5F059D22</tstamp>
    </comp>
    <comp ref="Y1">
      <value>Crystal 16MHz</value>
      <footprint>Crystal:Crystal_HC49-4H_Vertical</footprint>
      <datasheet>https://hr.mouser.com/datasheet/2/741/LFXTAL027945Reel-995508.pdf</datasheet>
      <fields>
        <field name="MFC">IQD</field>
        <field name="MFC Part No.">LFXTAL027945Reel</field>
        <field name="Mount ">THT</field>
        <field name="Rating ">~</field>
        <field name="Tolerance">~</field>
      </fields>
      <libsource lib="Device" part="Crystal" description="Two pin crystal"/>
      <sheetpath names="/" tstamps="/"/>
      <tstamp>5F12E007</tstamp>
    </comp>
    <comp ref="C4">
      <value>22pF</value>
      <footprint>Capacitor_SMD:C_1206_3216Metric</footprint>
      <datasheet>https://catalogs.avx.com/SurfaceMount.pdf</datasheet>
      <fields>
        <field name="MFC">AVX</field>
        <field name="MFC Part No.">12063C220JAT2A</field>
        <field name="Mount ">SMT</field>
        <field name="Rating ">25V</field>
        <field name="Tolerance">5%</field>
      </fields>
      <libsource lib="Device" part="C" description="Unpolarized capacitor"/>
      <sheetpath names="/" tstamps="/"/>
      <tstamp>5F13B7D2</tstamp>
    </comp>
    <comp ref="C5">
      <value>22pF</value>
      <footprint>Capacitor_SMD:C_1206_3216Metric</footprint>
      <datasheet>https://catalogs.avx.com/SurfaceMount.pdf</datasheet>
      <fields>
        <field name="MFC">AVX</field>
        <field name="MFC Part No.">12063C220JAT2A</field>
        <field name="Mount ">SMT</field>
        <field name="Rating ">25V</field>
        <field name="Tolerance">5%</field>
      </fields>
      <libsource lib="Device" part="C" description="Unpolarized capacitor"/>
      <sheetpath names="/" tstamps="/"/>
      <tstamp>5F13EE10</tstamp>
    </comp>
    <comp ref="C3">
      <value>100nF</value>
      <footprint>Capacitor_SMD:C_1206_3216Metric</footprint>
      <datasheet>https://catalogs.avx.com/SurfaceMount.pdf</datasheet>
      <fields>
        <field name="MFC">AVX</field>
        <field name="MFC Part No.">12063C104JAT2A</field>
        <field name="Mount ">SMT</field>
        <field name="Rating ">25V</field>
        <field name="Tolerance">5%</field>
      </fields>
      <libsource lib="Device" part="C" description="Unpolarized capacitor"/>
      <sheetpath names="/" tstamps="/"/>
      <tstamp>5F142779</tstamp>
    </comp>
    <comp ref="R23">
      <value>10k</value>
      <footprint>Resistor_SMD:R_1206_3216Metric</footprint>
      <datasheet>https://hr.mouser.com/datasheet/2/54/chp-a-1858677.pdf</datasheet>
      <fields>
        <field name="MFC">Bourns</field>
        <field name="MFC Part No.">CHP1206AFX-1002ELF</field>
        <field name="Mount ">SMT</field>
        <field name="Rating ">0.75W</field>
        <field name="Tolerance">1%</field>
      </fields>
      <libsource lib="Device" part="R" description="Resistor"/>
      <sheetpath names="/" tstamps="/"/>
      <tstamp>5F28C32C</tstamp>
    </comp>
    <comp ref="R21">
      <value>470R</value>
      <footprint>Resistor_SMD:R_1206_3216Metric</footprint>
      <datasheet>https://hr.mouser.com/datasheet/2/315/AOA0000C337-1276285.pdf</datasheet>
      <fields>
        <field name="MFC">Panasonic</field>
        <field name="MFC Part No.">ERJ-UP8F4700V</field>
        <field name="Mount ">SMT</field>
        <field name="Rating ">0.75W</field>
        <field name="Tolerance">1%</field>
      </fields>
      <libsource lib="Device" part="R" description="Resistor"/>
      <sheetpath names="/" tstamps="/"/>
      <tstamp>5F29147C</tstamp>
    </comp>
    <comp ref="C6">
      <value>5.6nF</value>
      <footprint>Capacitor_SMD:C_1206_3216Metric</footprint>
      <datasheet>https://catalogs.avx.com/SurfaceMount.pdf</datasheet>
      <fields>
        <field name="MFC">AVX</field>
        <field name="MFC Part No.">12063C562JAT2A</field>
        <field name="Mount ">SMT</field>
        <field name="Rating ">25V</field>
        <field name="Tolerance">5%</field>
      </fields>
      <libsource lib="Device" part="C" description="Unpolarized capacitor"/>
      <sheetpath names="/" tstamps="/"/>
      <tstamp>5F296A91</tstamp>
    </comp>
    <comp ref="C7">
      <value>100nF</value>
      <footprint>Capacitor_SMD:C_1206_3216Metric</footprint>
      <datasheet>https://catalogs.avx.com/SurfaceMount.pdf</datasheet>
      <fields>
        <field name="MFC">AVX</field>
        <field name="MFC Part No.">12063C104JAT2A</field>
        <field name="Mount ">SMT</field>
        <field name="Rating ">25V</field>
        <field name="Tolerance">5%</field>
      </fields>
      <libsource lib="Device" part="C" description="Unpolarized capacitor"/>
      <sheetpath names="/" tstamps="/"/>
      <tstamp>5F2BB7A2</tstamp>
    </comp>
    <comp ref="R22">
      <value>3.9M</value>
      <footprint>Resistor_SMD:R_1206_3216Metric</footprint>
      <datasheet>https://b2b-api.panasonic.eu/file_stream/pids/fileversion/1242</datasheet>
      <fields>
        <field name="MFC">Panasonic</field>
        <field name="MFC Part No.">ERJ-12ZYJ395U</field>
        <field name="Mount ">SMT</field>
        <field name="Rating ">0.75W</field>
        <field name="Tolerance">1%</field>
      </fields>
      <libsource lib="Device" part="R" description="Resistor"/>
      <sheetpath names="/" tstamps="/"/>
      <tstamp>5F2C4C04</tstamp>
    </comp>
    <comp ref="R24">
      <value>1k</value>
      <footprint>Resistor_SMD:R_1206_3216Metric</footprint>
      <datasheet>https://hr.mouser.com/datasheet/2/54/Bourns_CMP_Datasheet_05.28.20-1854233.pdf</datasheet>
      <fields>
        <field name="MFC">Bourns</field>
        <field name="MFC Part No.">CMP1206FX1001ELF</field>
        <field name="Mount ">SMT</field>
        <field name="Rating ">0.75W</field>
        <field name="Tolerance">1%</field>
      </fields>
      <libsource lib="Device" part="R" description="Resistor"/>
      <sheetpath names="/" tstamps="/"/>
      <tstamp>5F2CF797</tstamp>
    </comp>
    <comp ref="U5">
      <value>LMV321</value>
      <footprint>Package_TO_SOT_SMD:SOT-23-5</footprint>
      <datasheet>https://www.ti.com/lit/ds/symlink/lmv321-n.pdf?HQS=TI-null-null-mousermode-df-pf-null-wwe&amp;ts=1595842406669&amp;ref_url=https%253A%252F%252Fhr.mouser.com%252F</datasheet>
      <fields>
        <field name="MFC">Texas Instruments</field>
        <field name="MFC Part No.">LMV321M5/NOPB</field>
        <field name="Mount ">SMT</field>
        <field name="Rating ">~</field>
        <field name="Tolerance">~</field>
      </fields>
      <libsource lib="Amplifier_Operational" part="LMV321" description="Low-Voltage Rail-to-Rail Output Operational Amplifiers, SOT-23-5/SC-70-5"/>
      <sheetpath names="/" tstamps="/"/>
      <tstamp>5F2D4173</tstamp>
    </comp>
    <comp ref="R26">
      <value>10k</value>
      <footprint>Resistor_SMD:R_1206_3216Metric</footprint>
      <datasheet>https://hr.mouser.com/datasheet/2/54/chp-a-1858677.pdf</datasheet>
      <fields>
        <field name="MFC">Bourns</field>
        <field name="MFC Part No.">CHP1206AFX-1002ELF</field>
        <field name="Mount ">SMT</field>
        <field name="Rating ">0.75W</field>
        <field name="Tolerance">1%</field>
      </fields>
      <libsource lib="Device" part="R" description="Resistor"/>
      <sheetpath names="/" tstamps="/"/>
      <tstamp>5F3AD76A</tstamp>
    </comp>
    <comp ref="J3">
      <value>RS-485 Conn_Half_Duplex</value>
      <footprint>Connector_PinHeader_2.54mm:PinHeader_1x02_P2.54mm_Vertical</footprint>
      <datasheet>https://hr.mouser.com/datasheet/2/418/NG_CD_103327_T_baseFilename-749242.pdf</datasheet>
      <fields>
        <field name="MFC">AMP</field>
        <field name="MFC Part No.">Jumper 1x2 2.54mm</field>
        <field name="Mount ">THT</field>
        <field name="Rating ">~</field>
        <field name="Tolerance">~</field>
      </fields>
      <libsource lib="Connector" part="Conn_01x02_Male" description="Generic connector, single row, 01x02, script generated (kicad-library-utils/schlib/autogen/connector/)"/>
      <sheetpath names="/" tstamps="/"/>
      <tstamp>5F477AD2</tstamp>
    </comp>
    <comp ref="J4">
      <value>RS-485 Conn_Full_Duplex-1 RS-485</value>
      <footprint>Connector_PinHeader_2.54mm:PinHeader_1x02_P2.54mm_Vertical</footprint>
      <datasheet>https://hr.mouser.com/datasheet/2/418/NG_CD_103327_T_baseFilename-749242.pdf</datasheet>
      <fields>
        <field name="MFC">AMP</field>
        <field name="MFC Part No.">Jumper 1x2 2.54mm</field>
        <field name="Mount ">THT</field>
        <field name="Rating ">~</field>
        <field name="Tolerance">~</field>
      </fields>
      <libsource lib="Connector" part="Conn_01x02_Male" description="Generic connector, single row, 01x02, script generated (kicad-library-utils/schlib/autogen/connector/)"/>
      <sheetpath names="/" tstamps="/"/>
      <tstamp>5F47DF0C</tstamp>
    </comp>
    <comp ref="U1">
      <value>STM32g031K6</value>
      <footprint>LQFP-32_7x7mm_P0.8mm_STM32custom:LQFP-32_7x7mm_P0.8mm_STM32custom</footprint>
      <datasheet>https://www.st.com/resource/en/datasheet/stm32g031j4.pdf</datasheet>
      <fields>
        <field name="MFC">STMicroelectronics</field>
        <field name="MFC Part No.">STM32G031K6T6</field>
        <field name="Mount ">SMT</field>
        <field name="Rating ">~</field>
        <field name="Tolerance">~</field>
      </fields>
      <libsource lib="stm32g031k6" part="STM32g031K6" description=""/>
      <sheetpath names="/" tstamps="/"/>
      <tstamp>5F05B3F1</tstamp>
    </comp>
    <comp ref="TH2">
      <value>B57891M-10k </value>
      <footprint>Resistor_THT:R_Axial_DIN0309_L9.0mm_D3.2mm_P2.54mm_Vertical</footprint>
      <datasheet>http://www.farnell.com/datasheets/2015784.pdf</datasheet>
      <fields>
        <field name="MFC">TDK electronics</field>
        <field name="MFC Part No.">B57891M0103+000</field>
        <field name="Mount ">THT</field>
        <field name="Rating ">~</field>
        <field name="Tolerance">3%</field>
      </fields>
      <libsource lib="Device" part="Thermistor_NTC" description="Temperature dependent resistor, negative temperature coefficient"/>
      <sheetpath names="/" tstamps="/"/>
      <tstamp>5F0A5588</tstamp>
    </comp>
    <comp ref="R4">
      <value>10k</value>
      <footprint>Resistor_SMD:R_1206_3216Metric</footprint>
      <datasheet>https://hr.mouser.com/datasheet/2/54/chp-a-1858677.pdf</datasheet>
      <fields>
        <field name="MFC">Bourns</field>
        <field name="MFC Part No.">CHP1206AFX-1002ELF</field>
        <field name="Mount ">SMT</field>
        <field name="Rating ">0.75W</field>
        <field name="Tolerance">1%</field>
      </fields>
      <libsource lib="Device" part="R" description="Resistor"/>
      <sheetpath names="/" tstamps="/"/>
      <tstamp>5F0A558E</tstamp>
    </comp>
    <comp ref="J5">
      <value>RS-485 Conn_Full_Duplex-2 RS-485</value>
      <footprint>Connector_PinHeader_2.54mm:PinHeader_1x02_P2.54mm_Vertical</footprint>
      <datasheet>https://hr.mouser.com/datasheet/2/418/NG_CD_103327_T_baseFilename-749242.pdf</datasheet>
      <fields>
        <field name="MFC">AMP</field>
        <field name="MFC Part No.">Jumper 1x2 2.54mm</field>
        <field name="Mount ">THT</field>
        <field name="Rating ">~</field>
        <field name="Tolerance">~</field>
      </fields>
      <libsource lib="Connector" part="Conn_01x02_Male" description="Generic connector, single row, 01x02, script generated (kicad-library-utils/schlib/autogen/connector/)"/>
      <sheetpath names="/" tstamps="/"/>
      <tstamp>5F423D37</tstamp>
    </comp>
    <comp ref="J8">
      <value>BATT Voltage Divider Point Conn</value>
      <footprint>Connector_PinHeader_2.54mm:PinHeader_1x02_P2.54mm_Vertical</footprint>
      <datasheet>https://hr.mouser.com/datasheet/2/418/NG_CD_103327_T_baseFilename-749242.pdf</datasheet>
      <fields>
        <field name="MFC">AMP</field>
        <field name="MFC Part No.">Jumper 1x2 2.54mm</field>
        <field name="Mount ">THT</field>
        <field name="Rating ">~</field>
        <field name="Tolerance">~</field>
      </fields>
      <libsource lib="Connector" part="Conn_01x02_Male" description="Generic connector, single row, 01x02, script generated (kicad-library-utils/schlib/autogen/connector/)"/>
      <sheetpath names="/" tstamps="/"/>
      <tstamp>5F57BD7E</tstamp>
    </comp>
    <comp ref="J9">
      <value>BATT Oversampled Voltage Point Conn</value>
      <footprint>Connector_PinHeader_2.54mm:PinHeader_1x02_P2.54mm_Vertical</footprint>
      <datasheet>https://hr.mouser.com/datasheet/2/418/NG_CD_103327_T_baseFilename-749242.pdf</datasheet>
      <fields>
        <field name="MFC">AMP</field>
        <field name="MFC Part No.">Jumper 1x2 2.54mm</field>
        <field name="Mount ">THT</field>
        <field name="Rating ">~</field>
        <field name="Tolerance">~</field>
      </fields>
      <libsource lib="Connector" part="Conn_01x02_Male" description="Generic connector, single row, 01x02, script generated (kicad-library-utils/schlib/autogen/connector/)"/>
      <sheetpath names="/" tstamps="/"/>
      <tstamp>5F58729E</tstamp>
    </comp>
    <comp ref="D2">
      <value>LED</value>
      <footprint>LED_SMD:LED_1206_3216Metric</footprint>
      <datasheet>https://hr.mouser.com/datasheet/2/216/APTR3216F3C-1602186.pdf</datasheet>
      <fields>
        <field name="MFC">Kingbright</field>
        <field name="MFC Part No.">APTR3216F3C </field>
        <field name="Mount ">SMT</field>
        <field name="Rating ">1.2V</field>
        <field name="Tolerance">~</field>
      </fields>
      <libsource lib="Device" part="LED" description="Light emitting diode"/>
      <sheetpath names="/" tstamps="/"/>
      <tstamp>5EFE5DA3</tstamp>
    </comp>
    <comp ref="J10">
      <value>Batt+Raw Conn</value>
      <footprint>Connector_PinHeader_2.54mm:PinHeader_1x02_P2.54mm_Vertical</footprint>
      <datasheet>https://hr.mouser.com/datasheet/2/418/NG_CD_103327_T_baseFilename-749242.pdf</datasheet>
      <fields>
        <field name="MFC">AMP</field>
        <field name="MFC Part No.">Jumper 1x2 2.54mm</field>
        <field name="Mount ">THT</field>
        <field name="Rating ">~</field>
        <field name="Tolerance">~</field>
      </fields>
      <libsource lib="Connector" part="Conn_01x02_Male" description="Generic connector, single row, 01x02, script generated (kicad-library-utils/schlib/autogen/connector/)"/>
      <sheetpath names="/" tstamps="/"/>
      <tstamp>5F13FC7B</tstamp>
    </comp>
    <comp ref="J11">
      <value>UART1 Conn</value>
      <footprint>Connector_PinHeader_2.54mm:PinHeader_1x02_P2.54mm_Vertical</footprint>
      <datasheet>https://hr.mouser.com/datasheet/2/418/NG_CD_103327_T_baseFilename-749242.pdf</datasheet>
      <fields>
        <field name="MFC">AMP</field>
        <field name="MFC Part No.">Jumper 1x2 2.54mm</field>
        <field name="Mount ">THT</field>
        <field name="Rating ">~</field>
        <field name="Tolerance">~</field>
      </fields>
      <libsource lib="Connector" part="Conn_01x02_Male" description="Generic connector, single row, 01x02, script generated (kicad-library-utils/schlib/autogen/connector/)"/>
      <sheetpath names="/" tstamps="/"/>
      <tstamp>5F14C3B1</tstamp>
    </comp>
    <comp ref="J12">
      <value>UART2 Conn</value>
      <footprint>Connector_PinHeader_2.54mm:PinHeader_1x02_P2.54mm_Vertical</footprint>
      <datasheet>https://hr.mouser.com/datasheet/2/418/NG_CD_103327_T_baseFilename-749242.pdf</datasheet>
      <fields>
        <field name="MFC">AMP</field>
        <field name="MFC Part No.">Jumper 1x2 2.54mm</field>
        <field name="Mount ">THT</field>
        <field name="Rating ">~</field>
        <field name="Tolerance">~</field>
      </fields>
      <libsource lib="Connector" part="Conn_01x02_Male" description="Generic connector, single row, 01x02, script generated (kicad-library-utils/schlib/autogen/connector/)"/>
      <sheetpath names="/" tstamps="/"/>
      <tstamp>5F14DEA9</tstamp>
    </comp>
    <comp ref="U2">
      <value>TPS61071DDC</value>
      <footprint>LQFP-32_7x7mm_P0.8mm_STM32custom:SOT-6</footprint>
      <datasheet>https://www.ti.com/lit/ds/symlink/tps61073.pdf?ts=1594724793409</datasheet>
      <fields>
        <field name="MFC">Texas Instruments</field>
        <field name="MFC Part No.">TPS61071DDCR</field>
        <field name="Mount ">SMT</field>
        <field name="Rating ">~</field>
        <field name="Tolerance">~</field>
      </fields>
      <libsource lib="tps6107" part="TPS6107x" description=""/>
      <sheetpath names="/" tstamps="/"/>
      <tstamp>5F0E30F8</tstamp>
    </comp>
    <comp ref="L1">
      <value>4.7uH</value>
      <footprint>Inductor_SMD:L_1206_3216Metric</footprint>
      <datasheet>https://hr.mouser.com/datasheet/2/281/JELF243B-0013-1634236.pdf</datasheet>
      <fields>
        <field name="MFC">Murata</field>
        <field name="MFC Part No.">LQM31PN4R7M00L</field>
        <field name="Mount ">SMT</field>
        <field name="Rating ">4.7uF 700mA</field>
        <field name="Tolerance">20%</field>
      </fields>
      <libsource lib="Device" part="L" description="Inductor"/>
      <sheetpath names="/" tstamps="/"/>
      <tstamp>5F0E45C3</tstamp>
    </comp>
    <comp ref="C1">
      <value>4.7uF</value>
      <footprint>Capacitor_SMD:C_1206_3216Metric</footprint>
      <datasheet>https://catalogs.avx.com/SurfaceMount.pdf</datasheet>
      <fields>
        <field name="MFC">AVX</field>
        <field name="MFC Part No.">12063C475JAT2A</field>
        <field name="Mount ">SMT</field>
        <field name="Rating ">25V</field>
        <field name="Tolerance">5%</field>
      </fields>
      <libsource lib="Device" part="C" description="Unpolarized capacitor"/>
      <sheetpath names="/" tstamps="/"/>
      <tstamp>5F1030AA</tstamp>
    </comp>
    <comp ref="R1">
      <value>1M</value>
      <footprint>Resistor_SMD:R_1206_3216Metric</footprint>
      <datasheet>https://hr.mouser.com/datasheet/2/54/Bourns_CMP_Datasheet_05.28.20-1854233.pdf</datasheet>
      <fields>
        <field name="MFC">Bourns</field>
        <field name="MFC Part No.">CMP1206FX1004ELF</field>
        <field name="Mount ">SMT</field>
        <field name="Rating ">0.75W</field>
        <field name="Tolerance">1%</field>
      </fields>
      <libsource lib="Device" part="R" description="Resistor"/>
      <sheetpath names="/" tstamps="/"/>
      <tstamp>5F16AF1D</tstamp>
    </comp>
    <comp ref="R2">
      <value>200k</value>
      <footprint>Resistor_SMD:R_1206_3216Metric</footprint>
      <datasheet>https://hr.mouser.com/datasheet/2/315/AOA0000C337-1276285.pdf</datasheet>
      <fields>
        <field name="MFC">Panasonic</field>
        <field name="MFC Part No.">ERJ-UP8F2003V</field>
        <field name="Mount ">SMT</field>
        <field name="Rating ">0.75W</field>
        <field name="Tolerance">1%</field>
      </fields>
      <libsource lib="Device" part="R" description="Resistor"/>
      <sheetpath names="/" tstamps="/"/>
      <tstamp>5F175B68</tstamp>
    </comp>
    <comp ref="C8">
      <value>1nF</value>
      <footprint>Capacitor_SMD:C_1206_3216Metric</footprint>
      <datasheet>https://catalogs.avx.com/SurfaceMount.pdf</datasheet>
      <fields>
        <field name="MFC">AVX</field>
        <field name="MFC Part No.">12063C102JAT2A</field>
        <field name="Mount ">SMT</field>
        <field name="Rating ">25V</field>
        <field name="Tolerance">5%</field>
      </fields>
      <libsource lib="Device" part="C" description="Unpolarized capacitor"/>
      <sheetpath names="/" tstamps="/"/>
      <tstamp>5F14D649</tstamp>
    </comp>
    <comp ref="C9">
      <value>1nF</value>
      <footprint>Capacitor_SMD:C_1206_3216Metric</footprint>
      <datasheet>https://catalogs.avx.com/SurfaceMount.pdf</datasheet>
      <fields>
        <field name="MFC">AVX</field>
        <field name="MFC Part No.">12063C102JAT2A</field>
        <field name="Mount ">SMT</field>
        <field name="Rating ">25V</field>
        <field name="Tolerance">5%</field>
      </fields>
      <libsource lib="Device" part="C" description="Unpolarized capacitor"/>
      <sheetpath names="/" tstamps="/"/>
      <tstamp>5F152B11</tstamp>
    </comp>
    <comp ref="C10">
      <value>1nF</value>
      <footprint>Capacitor_SMD:C_1206_3216Metric</footprint>
      <datasheet>https://catalogs.avx.com/SurfaceMount.pdf</datasheet>
      <fields>
        <field name="MFC">AVX</field>
        <field name="MFC Part No.">12063C102JAT2A</field>
        <field name="Mount ">SMT</field>
        <field name="Rating ">25V</field>
        <field name="Tolerance">5%</field>
      </fields>
      <libsource lib="Device" part="C" description="Unpolarized capacitor"/>
      <sheetpath names="/" tstamps="/"/>
      <tstamp>5F17F6CD</tstamp>
    </comp>
    <comp ref="C11">
      <value>1nF</value>
      <footprint>Capacitor_SMD:C_1206_3216Metric</footprint>
      <datasheet>https://catalogs.avx.com/SurfaceMount.pdf</datasheet>
      <fields>
        <field name="MFC">AVX</field>
        <field name="MFC Part No.">12063C102JAT2A</field>
        <field name="Mount ">SMT</field>
        <field name="Rating ">25V</field>
        <field name="Tolerance">5%</field>
      </fields>
      <libsource lib="Device" part="C" description="Unpolarized capacitor"/>
      <sheetpath names="/" tstamps="/"/>
      <tstamp>5F17F6D3</tstamp>
    </comp>
    <comp ref="J2">
      <value>SWD Conn </value>
      <footprint>Connector_PinHeader_2.54mm:PinHeader_1x05_P2.54mm_Vertical</footprint>
      <datasheet>https://hr.mouser.com/datasheet/2/418/NG_CD_103327_T_baseFilename-749242.pdf</datasheet>
      <fields>
        <field name="MFC">AMP</field>
        <field name="MFC Part No.">Jumper 1x2 2.54mm</field>
        <field name="Mount ">THT</field>
        <field name="Rating ">~</field>
        <field name="Tolerance">~</field>
      </fields>
      <libsource lib="Connector" part="Conn_01x05_Male" description="Generic connector, single row, 01x05, script generated (kicad-library-utils/schlib/autogen/connector/)"/>
      <sheetpath names="/" tstamps="/"/>
      <tstamp>5F1C37F8</tstamp>
    </comp>
    <comp ref="SW1">
      <value>exRSTswitch</value>
      <footprint>Button_Switch_THT:SW_PUSH_6mm</footprint>
      <datasheet>https://hr.mouser.com/datasheet/2/140/XP0214A-1511152.pdf</datasheet>
      <fields>
        <field name="MFC">Mfr.:E-Switch</field>
        <field name="MFC Part No.">TL1105LF160Q</field>
        <field name="Mount ">THT</field>
        <field name="Rating ">~</field>
        <field name="Tolerance">~</field>
      </fields>
      <libsource lib="Switch" part="SW_Push" description="Push button switch, generic, two pins"/>
      <sheetpath names="/" tstamps="/"/>
      <tstamp>5F1E663D</tstamp>
    </comp>
    <comp ref="R27">
      <value>10k</value>
      <footprint>Resistor_SMD:R_1206_3216Metric</footprint>
      <datasheet>https://hr.mouser.com/datasheet/2/54/chp-a-1858677.pdf</datasheet>
      <fields>
        <field name="MFC">Bourns</field>
        <field name="MFC Part No.">CHP1206AFX-1002ELF</field>
        <field name="Mount ">SMT</field>
        <field name="Rating ">0.75W</field>
        <field name="Tolerance">1%</field>
      </fields>
      <libsource lib="Device" part="R" description="Resistor"/>
      <sheetpath names="/" tstamps="/"/>
      <tstamp>5F1EF91E</tstamp>
    </comp>
    <comp ref="R15">
      <value>120R</value>
      <footprint>Resistor_SMD:R_1206_3216Metric</footprint>
      <datasheet>https://hr.mouser.com/datasheet/2/427/rcse3-1761771.pdf</datasheet>
      <fields>
        <field name="MFC">Vishay / Dale</field>
        <field name="MFC Part No.">RCS1206120RFKEA</field>
        <field name="Mount ">SMT</field>
        <field name="Rating ">0.75W</field>
        <field name="Tolerance">1%</field>
      </fields>
      <libsource lib="Device" part="R" description="Resistor"/>
      <sheetpath names="/" tstamps="/"/>
      <tstamp>5F31EA65</tstamp>
    </comp>
    <comp ref="R18">
      <value>120R</value>
      <footprint>Resistor_SMD:R_1206_3216Metric</footprint>
      <datasheet>https://hr.mouser.com/datasheet/2/427/rcse3-1761771.pdf</datasheet>
      <fields>
        <field name="MFC">Vishay / Dale</field>
        <field name="MFC Part No.">RCS1206120RFKEA</field>
        <field name="Mount ">SMT</field>
        <field name="Rating ">0.75W</field>
        <field name="Tolerance">1%</field>
      </fields>
      <libsource lib="Device" part="R" description="Resistor"/>
      <sheetpath names="/" tstamps="/"/>
      <tstamp>5F33F0A2</tstamp>
    </comp>
    <comp ref="R16">
      <value>120R</value>
      <footprint>Resistor_SMD:R_1206_3216Metric</footprint>
      <datasheet>https://hr.mouser.com/datasheet/2/427/rcse3-1761771.pdf</datasheet>
      <fields>
        <field name="MFC">Vishay / Dale</field>
        <field name="MFC Part No.">RCS1206120RFKEA</field>
        <field name="Mount ">SMT</field>
        <field name="Rating ">0.75W</field>
        <field name="Tolerance">1%</field>
      </fields>
      <libsource lib="Device" part="R" description="Resistor"/>
      <sheetpath names="/" tstamps="/"/>
      <tstamp>5F38CB26</tstamp>
    </comp>
    <comp ref="R17">
      <value>120R</value>
      <footprint>Resistor_SMD:R_1206_3216Metric</footprint>
      <datasheet>https://hr.mouser.com/datasheet/2/427/rcse3-1761771.pdf</datasheet>
      <fields>
        <field name="MFC">Vishay / Dale</field>
        <field name="MFC Part No.">RCS1206120RFKEA</field>
        <field name="Mount ">SMT</field>
        <field name="Rating ">0.75W</field>
        <field name="Tolerance">1%</field>
      </fields>
      <libsource lib="Device" part="R" description="Resistor"/>
      <sheetpath names="/" tstamps="/"/>
      <tstamp>5F3B5F18</tstamp>
    </comp>
    <comp ref="R19">
      <value>120R</value>
      <footprint>Resistor_SMD:R_1206_3216Metric</footprint>
      <datasheet>https://hr.mouser.com/datasheet/2/427/rcse3-1761771.pdf</datasheet>
      <fields>
        <field name="MFC">Vishay / Dale</field>
        <field name="MFC Part No.">RCS1206120RFKEA</field>
        <field name="Mount ">SMT</field>
        <field name="Rating ">0.75W</field>
        <field name="Tolerance">1%</field>
      </fields>
      <libsource lib="Device" part="R" description="Resistor"/>
      <sheetpath names="/" tstamps="/"/>
      <tstamp>5F3E5C1C</tstamp>
    </comp>
    <comp ref="R20">
      <value>120R</value>
      <footprint>Resistor_SMD:R_1206_3216Metric</footprint>
      <datasheet>https://hr.mouser.com/datasheet/2/427/rcse3-1761771.pdf</datasheet>
      <fields>
        <field name="MFC">Vishay / Dale</field>
        <field name="MFC Part No.">RCS1206120RFKEA</field>
        <field name="Mount ">SMT</field>
        <field name="Rating ">0.75W</field>
        <field name="Tolerance">1%</field>
      </fields>
      <libsource lib="Device" part="R" description="Resistor"/>
      <sheetpath names="/" tstamps="/"/>
      <tstamp>5F33886D</tstamp>
    </comp>
    <comp ref="C13">
      <value>1nF</value>
      <footprint>Capacitor_SMD:C_1206_3216Metric</footprint>
      <datasheet>https://catalogs.avx.com/SurfaceMount.pdf</datasheet>
      <fields>
        <field name="MFC">AVX</field>
        <field name="MFC Part No.">12063C102JAT2A</field>
        <field name="Mount ">SMT</field>
        <field name="Rating ">25V</field>
        <field name="Tolerance">5%</field>
      </fields>
      <libsource lib="Device" part="C" description="Unpolarized capacitor"/>
      <sheetpath names="/" tstamps="/"/>
      <tstamp>5F19EB93</tstamp>
    </comp>
    <comp ref="C12">
      <value>1nF</value>
      <footprint>Capacitor_SMD:C_1206_3216Metric</footprint>
      <datasheet>https://catalogs.avx.com/SurfaceMount.pdf</datasheet>
      <fields>
        <field name="MFC">AVX</field>
        <field name="MFC Part No.">12063C102JAT2A</field>
        <field name="Mount ">SMT</field>
        <field name="Rating ">25V</field>
        <field name="Tolerance">5%</field>
      </fields>
      <libsource lib="Device" part="C" description="Unpolarized capacitor"/>
      <sheetpath names="/" tstamps="/"/>
      <tstamp>5F19EB8D</tstamp>
    </comp>
    <comp ref="L2">
      <value>WE-SLM SMT Common Mode Line-74424471</value>
      <footprint>LQFP-32_7x7mm_P0.8mm_STM32custom:744242471</footprint>
      <datasheet>https://www.we-online.de/katalog/datasheet/744242471.pdf</datasheet>
      <fields>
        <field name="MFC">Wurth Elektronik</field>
        <field name="MFC Part No.">744242471 </field>
        <field name="Mount ">SMT</field>
        <field name="Rating ">~</field>
        <field name="Tolerance">~</field>
      </fields>
      <libsource lib="Device" part="L_Core_Ferrite_Coupled_1423" description="Coupled inductor with ferrite core"/>
      <sheetpath names="/" tstamps="/"/>
      <tstamp>5F4755DB</tstamp>
    </comp>
    <comp ref="L4">
      <value>WE-SLM SMT Common Mode Line-74424471</value>
      <footprint>LQFP-32_7x7mm_P0.8mm_STM32custom:744242471</footprint>
      <datasheet>https://www.we-online.de/katalog/datasheet/744242471.pdf</datasheet>
      <fields>
        <field name="MFC">Wurth Elektronik</field>
        <field name="MFC Part No.">744242471 </field>
        <field name="Mount ">SMT</field>
        <field name="Rating ">~</field>
        <field name="Tolerance">~</field>
      </fields>
      <libsource lib="Device" part="L_Core_Ferrite_Coupled_1423" description="Coupled inductor with ferrite core"/>
      <sheetpath names="/" tstamps="/"/>
      <tstamp>5F4774CE</tstamp>
    </comp>
    <comp ref="L6">
      <value>WE-SLM SMT Common Mode Line-74424471</value>
      <footprint>LQFP-32_7x7mm_P0.8mm_STM32custom:744242471</footprint>
      <datasheet>https://www.we-online.de/katalog/datasheet/744242471.pdf</datasheet>
      <fields>
        <field name="MFC">Wurth Elektronik</field>
        <field name="MFC Part No.">744242471 </field>
        <field name="Mount ">SMT</field>
        <field name="Rating ">~</field>
        <field name="Tolerance">~</field>
      </fields>
      <libsource lib="Device" part="L_Core_Ferrite_Coupled_1423" description="Coupled inductor with ferrite core"/>
      <sheetpath names="/" tstamps="/"/>
      <tstamp>5F4832DE</tstamp>
    </comp>
    <comp ref="L3">
      <value>Common mode filter-ACT45B type</value>
      <footprint>LQFP-32_7x7mm_P0.8mm_STM32custom:ACT45B-101-2P</footprint>
      <datasheet>https://product.tdk.com/info/en/catalog/datasheets/cmf_automotive_signal_act45b_en.pdf</datasheet>
      <fields>
        <field name="MFC">TDK electronics</field>
        <field name="MFC Part No.">ACT45B-101-2P-TL003</field>
        <field name="Mount ">SMT</field>
        <field name="Rating ">~</field>
        <field name="Tolerance">~</field>
      </fields>
      <libsource lib="Device" part="L_Core_Ferrite_Coupled_1423" description="Coupled inductor with ferrite core"/>
      <sheetpath names="/" tstamps="/"/>
      <tstamp>5F491518</tstamp>
    </comp>
    <comp ref="L5">
      <value>Common mode filter-ACT45B type</value>
      <footprint>LQFP-32_7x7mm_P0.8mm_STM32custom:ACT45B-101-2P</footprint>
      <datasheet>https://product.tdk.com/info/en/catalog/datasheets/cmf_automotive_signal_act45b_en.pdf</datasheet>
      <fields>
        <field name="MFC">TDK electronics</field>
        <field name="MFC Part No.">ACT45B-101-2P-TL003</field>
        <field name="Mount ">SMT</field>
        <field name="Rating ">~</field>
        <field name="Tolerance">~</field>
      </fields>
      <libsource lib="Device" part="L_Core_Ferrite_Coupled_1423" description="Coupled inductor with ferrite core"/>
      <sheetpath names="/" tstamps="/"/>
      <tstamp>5F49151E</tstamp>
    </comp>
    <comp ref="R13">
      <value>120R</value>
      <footprint>Resistor_SMD:R_1206_3216Metric</footprint>
      <datasheet>https://hr.mouser.com/datasheet/2/427/rcse3-1761771.pdf</datasheet>
      <fields>
        <field name="MFC">Vishay / Dale</field>
        <field name="MFC Part No.">RCS1206120RFKEA</field>
        <field name="Mount ">SMT</field>
        <field name="Rating ">0.75W</field>
        <field name="Tolerance">1%</field>
      </fields>
      <libsource lib="Device" part="R" description="Resistor"/>
      <sheetpath names="/" tstamps="/"/>
      <tstamp>5F463B86</tstamp>
    </comp>
    <comp ref="R12">
      <value>120R</value>
      <footprint>Resistor_SMD:R_1206_3216Metric</footprint>
      <datasheet>https://hr.mouser.com/datasheet/2/427/rcse3-1761771.pdf</datasheet>
      <fields>
        <field name="MFC">Vishay / Dale</field>
        <field name="MFC Part No.">RCS1206120RFKEA</field>
        <field name="Mount ">SMT</field>
        <field name="Rating ">0.75W</field>
        <field name="Tolerance">1%</field>
      </fields>
      <libsource lib="Device" part="R" description="Resistor"/>
      <sheetpath names="/" tstamps="/"/>
      <tstamp>5F307906</tstamp>
    </comp>
    <comp ref="R14">
      <value>120R</value>
      <footprint>Resistor_SMD:R_1206_3216Metric</footprint>
      <datasheet>https://hr.mouser.com/datasheet/2/427/rcse3-1761771.pdf</datasheet>
      <fields>
        <field name="MFC">Vishay / Dale</field>
        <field name="MFC Part No.">RCS1206120RFKEA</field>
        <field name="Mount ">SMT</field>
        <field name="Rating ">0.75W</field>
        <field name="Tolerance">1%</field>
      </fields>
      <libsource lib="Device" part="R" description="Resistor"/>
      <sheetpath names="/" tstamps="/"/>
      <tstamp>5F2EA69D</tstamp>
    </comp>
    <comp ref="L7">
      <value>Common mode filter-ACT45B type</value>
      <footprint>LQFP-32_7x7mm_P0.8mm_STM32custom:ACT45B-101-2P</footprint>
      <datasheet>https://product.tdk.com/info/en/catalog/datasheets/cmf_automotive_signal_act45b_en.pdf</datasheet>
      <fields>
        <field name="MFC">TDK electronics</field>
        <field name="MFC Part No.">ACT45B-101-2P-TL003</field>
        <field name="Mount ">SMT</field>
        <field name="Rating ">~</field>
        <field name="Tolerance">~</field>
      </fields>
      <libsource lib="Device" part="L_Core_Ferrite_Coupled_1423" description="Coupled inductor with ferrite core"/>
      <sheetpath names="/" tstamps="/"/>
      <tstamp>5F491524</tstamp>
    </comp>
    <comp ref="C14">
      <value>4.7uF</value>
      <footprint>Capacitor_SMD:C_1206_3216Metric</footprint>
      <datasheet>https://catalogs.avx.com/SurfaceMount.pdf</datasheet>
      <fields>
        <field name="MFC">AVX</field>
        <field name="MFC Part No.">12063C475JAT2A</field>
        <field name="Mount ">SMT</field>
        <field name="Rating ">25V</field>
        <field name="Tolerance">5%</field>
      </fields>
      <libsource lib="Device" part="C" description="Unpolarized capacitor"/>
      <sheetpath names="/" tstamps="/"/>
      <tstamp>5F2BEFB7</tstamp>
    </comp>
    <comp ref="C15">
      <value>4.7uF</value>
      <footprint>Capacitor_SMD:C_1206_3216Metric</footprint>
      <datasheet>https://catalogs.avx.com/SurfaceMount.pdf</datasheet>
      <fields>
        <field name="MFC">AVX</field>
        <field name="MFC Part No.">12063C475JAT2A</field>
        <field name="Mount ">SMT</field>
        <field name="Rating ">25V</field>
        <field name="Tolerance">5%</field>
      </fields>
      <libsource lib="Device" part="C" description="Unpolarized capacitor"/>
      <sheetpath names="/" tstamps="/"/>
      <tstamp>5F2C9BB4</tstamp>
    </comp>
    <comp ref="D5">
      <value>D_Zener</value>
      <footprint>Diode_SMD:D_SOD-323</footprint>
      <datasheet>https://assets.nexperia.com/documents/data-sheet/PESD5V0U1UA_UB_UL.pdf</datasheet>
      <fields>
        <field name="MFC">NXP</field>
        <field name="MFC Part No.">PESD5V0U1UA</field>
        <field name="Mount ">SMt</field>
        <field name="Rating ">5V, 9kV ESD </field>
      </fields>
      <libsource lib="Device" part="D_Zener" description="Zener diode"/>
      <sheetpath names="/" tstamps="/"/>
      <tstamp>5F16F401</tstamp>
    </comp>
    <comp ref="D4">
      <value>D_Zener</value>
      <footprint>Diode_SMD:D_SOD-323</footprint>
      <datasheet>https://assets.nexperia.com/documents/data-sheet/PESD5V0U1UA_UB_UL.pdf</datasheet>
      <fields>
        <field name="MFC">NXP</field>
        <field name="MFC Part No.">PESD5V0U1UA</field>
        <field name="Mount ">SMt</field>
        <field name="Rating ">5V, 9kV ESD </field>
      </fields>
      <libsource lib="Device" part="D_Zener" description="Zener diode"/>
      <sheetpath names="/" tstamps="/"/>
      <tstamp>5F170AE4</tstamp>
    </comp>
    <comp ref="R28">
      <value>10R</value>
      <footprint>Resistor_SMD:R_1206_3216Metric</footprint>
      <datasheet>https://hr.mouser.com/datasheet/2/54/Bourns_CMP_Datasheet_05.28.20-1854233.pdf</datasheet>
      <fields>
        <field name="MFC">Bourns</field>
        <field name="MFC Part No.">CMP1206FX10R0ELF</field>
        <field name="Mount ">SMT</field>
        <field name="Rating ">0.75W</field>
        <field name="Tolerance">1%</field>
      </fields>
      <libsource lib="Device" part="R" description="Resistor"/>
      <sheetpath names="/" tstamps="/"/>
      <tstamp>5F22E20B</tstamp>
    </comp>
    <comp ref="R29">
      <value>10R</value>
      <footprint>Resistor_SMD:R_1206_3216Metric</footprint>
      <datasheet>https://hr.mouser.com/datasheet/2/54/Bourns_CMP_Datasheet_05.28.20-1854233.pdf</datasheet>
      <fields>
        <field name="MFC">Bourns</field>
        <field name="MFC Part No.">CMP1206FX10R0ELF</field>
        <field name="Mount ">SMT</field>
        <field name="Rating ">0.75W</field>
        <field name="Tolerance">1%</field>
      </fields>
      <libsource lib="Device" part="R" description="Resistor"/>
      <sheetpath names="/" tstamps="/"/>
      <tstamp>5F2395B0</tstamp>
    </comp>
    <comp ref="C16">
      <value>4.7uF</value>
      <footprint>Capacitor_SMD:C_1206_3216Metric</footprint>
      <datasheet>https://catalogs.avx.com/SurfaceMount.pdf</datasheet>
      <fields>
        <field name="MFC">AVX</field>
        <field name="MFC Part No.">12063C475JAT2A</field>
        <field name="Mount ">SMT</field>
        <field name="Rating ">25V</field>
        <field name="Tolerance">5%</field>
      </fields>
      <libsource lib="Device" part="C" description="Unpolarized capacitor"/>
      <sheetpath names="/" tstamps="/"/>
      <tstamp>5F2EF214</tstamp>
    </comp>
    <comp ref="C2">
      <value>100nF</value>
      <footprint>Capacitor_SMD:C_1206_3216Metric</footprint>
      <datasheet>https://catalogs.avx.com/SurfaceMount.pdf</datasheet>
      <fields>
        <field name="MFC">AVX</field>
        <field name="MFC Part No.">12063C104JAT2A</field>
        <field name="Mount ">SMT</field>
        <field name="Rating ">25V</field>
        <field name="Tolerance">5%</field>
      </fields>
      <libsource lib="Device" part="C" description="Unpolarized capacitor"/>
      <sheetpath names="/" tstamps="/"/>
      <tstamp>5F15D0D9</tstamp>
    </comp>
    <comp ref="R30">
      <value>10k</value>
      <footprint>Resistor_SMD:R_1206_3216Metric</footprint>
      <datasheet>https://hr.mouser.com/datasheet/2/54/chp-a-1858677.pdf</datasheet>
      <fields>
        <field name="MFC">Bourns</field>
        <field name="MFC Part No.">CHP1206AFX-1002ELF</field>
        <field name="Mount ">SMT</field>
        <field name="Rating ">0.75W</field>
        <field name="Tolerance">1%</field>
      </fields>
      <libsource lib="Device" part="R" description="Resistor"/>
      <sheetpath names="/" tstamps="/"/>
      <tstamp>5F1A3817</tstamp>
    </comp>
    <comp ref="D6">
      <value>D_Zener</value>
      <footprint>Diode_SMD:D_SOD-323</footprint>
      <datasheet>https://assets.nexperia.com/documents/data-sheet/PESD5V0U1UA_UB_UL.pdf</datasheet>
      <fields>
        <field name="MFC">NXP</field>
        <field name="MFC Part No.">PESD5V0U1UA</field>
        <field name="Mount ">SMt</field>
        <field name="Rating ">5V, 9kV ESD </field>
      </fields>
      <libsource lib="Device" part="D_Zener" description="Zener diode"/>
      <sheetpath names="/" tstamps="/"/>
      <tstamp>5F470A7B</tstamp>
    </comp>
    <comp ref="D7">
      <value>D_Zener</value>
      <footprint>Diode_SMD:D_SOD-323</footprint>
      <datasheet>https://assets.nexperia.com/documents/data-sheet/PESD5V0U1UA_UB_UL.pdf</datasheet>
      <fields>
        <field name="MFC">NXP</field>
        <field name="MFC Part No.">PESD5V0U1UA</field>
        <field name="Mount ">SMt</field>
        <field name="Rating ">5V, 9kV ESD </field>
      </fields>
      <libsource lib="Device" part="D_Zener" description="Zener diode"/>
      <sheetpath names="/" tstamps="/"/>
      <tstamp>5F47E262</tstamp>
    </comp>
    <comp ref="D8">
      <value>D_Zener</value>
      <footprint>Diode_SMD:D_SOD-323</footprint>
      <datasheet>https://assets.nexperia.com/documents/data-sheet/PESD5V0U1UA_UB_UL.pdf</datasheet>
      <fields>
        <field name="MFC">NXP</field>
        <field name="MFC Part No.">PESD5V0U1UA</field>
        <field name="Mount ">SMt</field>
        <field name="Rating ">5V, 9kV ESD </field>
      </fields>
      <libsource lib="Device" part="D_Zener" description="Zener diode"/>
      <sheetpath names="/" tstamps="/"/>
      <tstamp>5F48BB46</tstamp>
    </comp>
    <comp ref="D9">
      <value>D_Zener</value>
      <footprint>Diode_SMD:D_SOD-323</footprint>
      <datasheet>https://assets.nexperia.com/documents/data-sheet/PESD5V0U1UA_UB_UL.pdf</datasheet>
      <fields>
        <field name="MFC">NXP</field>
        <field name="MFC Part No.">PESD5V0U1UA</field>
        <field name="Mount ">SMt</field>
        <field name="Rating ">5V, 9kV ESD </field>
      </fields>
      <libsource lib="Device" part="D_Zener" description="Zener diode"/>
      <sheetpath names="/" tstamps="/"/>
      <tstamp>5F499457</tstamp>
    </comp>
    <comp ref="R35">
      <value>10R</value>
      <footprint>Resistor_SMD:R_1206_3216Metric</footprint>
      <datasheet>https://hr.mouser.com/datasheet/2/54/Bourns_CMP_Datasheet_05.28.20-1854233.pdf</datasheet>
      <fields>
        <field name="MFC">Bourns</field>
        <field name="MFC Part No.">CMP1206FX10R0ELF</field>
        <field name="Mount ">SMT</field>
        <field name="Rating ">0.75W</field>
        <field name="Tolerance">1%</field>
      </fields>
      <libsource lib="Device" part="R" description="Resistor"/>
      <sheetpath names="/" tstamps="/"/>
      <tstamp>5F4A7473</tstamp>
    </comp>
    <comp ref="R36">
      <value>10R</value>
      <footprint>Resistor_SMD:R_1206_3216Metric</footprint>
      <datasheet>https://hr.mouser.com/datasheet/2/54/Bourns_CMP_Datasheet_05.28.20-1854233.pdf</datasheet>
      <fields>
        <field name="MFC">Bourns</field>
        <field name="MFC Part No.">CMP1206FX10R0ELF</field>
        <field name="Mount ">SMT</field>
        <field name="Rating ">0.75W</field>
        <field name="Tolerance">1%</field>
      </fields>
      <libsource lib="Device" part="R" description="Resistor"/>
      <sheetpath names="/" tstamps="/"/>
      <tstamp>5F4B4D1C</tstamp>
    </comp>
    <comp ref="R37">
      <value>10R</value>
      <footprint>Resistor_SMD:R_1206_3216Metric</footprint>
      <datasheet>https://hr.mouser.com/datasheet/2/54/Bourns_CMP_Datasheet_05.28.20-1854233.pdf</datasheet>
      <fields>
        <field name="MFC">Bourns</field>
        <field name="MFC Part No.">CMP1206FX10R0ELF</field>
        <field name="Mount ">SMT</field>
        <field name="Rating ">0.75W</field>
        <field name="Tolerance">1%</field>
      </fields>
      <libsource lib="Device" part="R" description="Resistor"/>
      <sheetpath names="/" tstamps="/"/>
      <tstamp>5F4C2591</tstamp>
    </comp>
    <comp ref="R38">
      <value>10R</value>
      <footprint>Resistor_SMD:R_1206_3216Metric</footprint>
      <datasheet>https://hr.mouser.com/datasheet/2/54/Bourns_CMP_Datasheet_05.28.20-1854233.pdf</datasheet>
      <fields>
        <field name="MFC">Bourns</field>
        <field name="MFC Part No.">CMP1206FX10R0ELF</field>
        <field name="Mount ">SMT</field>
        <field name="Rating ">0.75W</field>
        <field name="Tolerance">1%</field>
      </fields>
      <libsource lib="Device" part="R" description="Resistor"/>
      <sheetpath names="/" tstamps="/"/>
      <tstamp>5F4CFDF4</tstamp>
    </comp>
    <comp ref="J6">
      <value>3.3 V Conn</value>
      <footprint>Connector_PinHeader_2.54mm:PinHeader_1x02_P2.54mm_Vertical</footprint>
      <datasheet>https://hr.mouser.com/datasheet/2/418/NG_CD_103327_T_baseFilename-749242.pdf</datasheet>
      <fields>
        <field name="MFC">AMP</field>
        <field name="MFC Part No.">Jumper 1x2 2.54mm</field>
        <field name="Mount ">THT</field>
        <field name="Rating ">~</field>
        <field name="Tolerance">~</field>
      </fields>
      <libsource lib="Connector" part="Conn_01x02_Male" description="Generic connector, single row, 01x02, script generated (kicad-library-utils/schlib/autogen/connector/)"/>
      <sheetpath names="/" tstamps="/"/>
      <tstamp>5FA11CDE</tstamp>
    </comp>
    <comp ref="J7">
      <value>GND Conn</value>
      <footprint>Connector_PinHeader_2.54mm:PinHeader_1x02_P2.54mm_Vertical</footprint>
      <datasheet>https://hr.mouser.com/datasheet/2/418/NG_CD_103327_T_baseFilename-749242.pdf</datasheet>
      <fields>
        <field name="MFC">AMP</field>
        <field name="MFC Part No.">Jumper 1x2 2.54mm</field>
        <field name="Mount ">THT</field>
        <field name="Rating ">~</field>
        <field name="Tolerance">~</field>
      </fields>
      <libsource lib="Connector" part="Conn_01x02_Male" description="Generic connector, single row, 01x02, script generated (kicad-library-utils/schlib/autogen/connector/)"/>
      <sheetpath names="/" tstamps="/"/>
      <tstamp>5FA5FB2C</tstamp>
    </comp>
    <comp ref="U4">
      <value>SN65HDV73DR</value>
      <footprint>Package_SO:SOIC-14_3.9x8.7mm_P1.27mm</footprint>
      <datasheet>https://www.ti.com/lit/ds/symlink/sn65hvd73.pdf?HQS=TI-null-null-mousermode-df-pf-null-wwe&amp;ts=1595497244967&amp;ref_url=https%253A%252F%252Fhr.mouser.com%252F</datasheet>
      <fields>
        <field name="MFC">Texas Instruments</field>
        <field name="MFC Part No.">SN65HVD73DR</field>
        <field name="Mount ">SMT</field>
      </fields>
      <libsource lib="sn65hdv14ic" part="SN65HDV14ic" description=""/>
      <sheetpath names="/" tstamps="/"/>
      <tstamp>5F169D5A</tstamp>
    </comp>
    <comp ref="U6">
      <value>2178710-4 </value>
      <footprint>21787-4 connector:2178710-4_1</footprint>
      <datasheet>https://www.te.com/commerce/DocumentDelivery/DDEController?Action=srchrtrv&amp;DocNm=2178710&amp;DocType=Customer+Drawing&amp;DocLang=English&amp;PartCntxt=2178710-4&amp;DocFormat=pdf</datasheet>
      <fields>
        <field name="MFC">TE Connectivity</field>
        <field name="MFC Part No.">2178710-4</field>
        <field name="Mount ">THT</field>
      </fields>
      <libsource lib="21787-4 connector" part="2178710-4" description=""/>
      <sheetpath names="/" tstamps="/"/>
      <tstamp>5F1A32A8</tstamp>
    </comp>
    <comp ref="U8">
      <value>2178710-4 </value>
      <footprint>21787-4 connector:2178710-4_1</footprint>
      <datasheet>https://www.te.com/commerce/DocumentDelivery/DDEController?Action=srchrtrv&amp;DocNm=2178710&amp;DocType=Customer+Drawing&amp;DocLang=English&amp;PartCntxt=2178710-4&amp;DocFormat=pdf</datasheet>
      <fields>
        <field name="MFC">TE Connectivity</field>
        <field name="MFC Part No.">2178710-4</field>
        <field name="Mount ">THT</field>
      </fields>
      <libsource lib="21787-4 connector" part="2178710-4" description=""/>
      <sheetpath names="/" tstamps="/"/>
      <tstamp>5F1F3C24</tstamp>
    </comp>
    <comp ref="U7">
      <value>2178710-4 </value>
      <footprint>21787-4 connector:2178710-4_1</footprint>
      <datasheet>https://www.te.com/commerce/DocumentDelivery/DDEController?Action=srchrtrv&amp;DocNm=2178710&amp;DocType=Customer+Drawing&amp;DocLang=English&amp;PartCntxt=2178710-4&amp;DocFormat=pdf</datasheet>
      <fields>
        <field name="MFC">TE Connectivity</field>
        <field name="MFC Part No.">2178710-4</field>
        <field name="Mount ">THT</field>
      </fields>
      <libsource lib="21787-4 connector" part="2178710-4" description=""/>
      <sheetpath names="/" tstamps="/"/>
      <tstamp>5F200EDA</tstamp>
    </comp>
    <comp ref="R32">
      <value>10k</value>
      <footprint>Resistor_SMD:R_1206_3216Metric</footprint>
      <datasheet>https://hr.mouser.com/datasheet/2/54/chp-a-1858677.pdf</datasheet>
      <fields>
        <field name="MFC">Bourns</field>
        <field name="MFC Part No.">CHP1206AFX-1002ELF</field>
        <field name="Mount ">SMT</field>
        <field name="Rating ">0.75W</field>
        <field name="Tolerance">1%</field>
      </fields>
      <libsource lib="Device" part="R" description="Resistor"/>
      <sheetpath names="/" tstamps="/"/>
      <tstamp>5F2B8C63</tstamp>
    </comp>
    <comp ref="C17">
      <value>100nF</value>
      <footprint>Capacitor_SMD:C_1206_3216Metric</footprint>
      <datasheet>https://catalogs.avx.com/SurfaceMount.pdf</datasheet>
      <fields>
        <field name="MFC">AVX</field>
        <field name="MFC Part No.">12063C104JAT2A</field>
        <field name="Mount ">SMT</field>
        <field name="Rating ">25V</field>
        <field name="Tolerance">5%</field>
      </fields>
      <libsource lib="Device" part="C" description="Unpolarized capacitor"/>
      <sheetpath names="/" tstamps="/"/>
      <tstamp>5F3758E7</tstamp>
    </comp>
    <comp ref="R34">
      <value>10k</value>
      <footprint>Resistor_SMD:R_1206_3216Metric</footprint>
      <datasheet>https://hr.mouser.com/datasheet/2/54/chp-a-1858677.pdf</datasheet>
      <fields>
        <field name="MFC">Bourns</field>
        <field name="MFC Part No.">CHP1206AFX-1002ELF</field>
        <field name="Mount ">SMT</field>
        <field name="Rating ">0.75W</field>
        <field name="Tolerance">1%</field>
      </fields>
      <libsource lib="Device" part="R" description="Resistor"/>
      <sheetpath names="/" tstamps="/"/>
      <tstamp>5F41566B</tstamp>
    </comp>
    <comp ref="R33">
      <value>10k</value>
      <footprint>Resistor_SMD:R_1206_3216Metric</footprint>
      <datasheet>https://hr.mouser.com/datasheet/2/54/chp-a-1858677.pdf</datasheet>
      <fields>
        <field name="MFC">Bourns</field>
        <field name="MFC Part No.">CHP1206AFX-1002ELF</field>
        <field name="Mount ">SMT</field>
        <field name="Rating ">0.75W</field>
        <field name="Tolerance">1%</field>
      </fields>
      <libsource lib="Device" part="R" description="Resistor"/>
      <sheetpath names="/" tstamps="/"/>
      <tstamp>5F335190</tstamp>
    </comp>
    <comp ref="U3">
      <value>SN65HVD10DR</value>
      <footprint>Package_SO:SOIC-8-1EP_3.9x4.9mm_P1.27mm_EP2.29x3mm</footprint>
      <datasheet>https://www.ti.com/lit/ds/symlink/sn65hvd11.pdf?ts=1594194568092&amp;ref_url=https%253A%252F%252Fwww.google.com%252F</datasheet>
      <fields>
        <field name="MFC">Texas Instruments</field>
        <field name="MFC Part No.">SN65HVD10DR</field>
        <field name="Mount ">SMT</field>
        <field name="Rating ">~</field>
        <field name="Tolerance">~</field>
      </fields>
      <libsource lib="sn65hdv10dr" part="SN65HDV10DR" description=""/>
      <sheetpath names="/" tstamps="/"/>
      <tstamp>5F07AF08</tstamp>
    </comp>
    <comp ref="R25">
      <value>1k</value>
      <footprint>Resistor_SMD:R_1206_3216Metric</footprint>
      <datasheet>https://hr.mouser.com/datasheet/2/54/Bourns_CMP_Datasheet_05.28.20-1854233.pdf</datasheet>
      <fields>
        <field name="MFC">Bourns</field>
        <field name="MFC Part No.">CMP1206FX1001ELF</field>
        <field name="Mount ">SMT</field>
        <field name="Rating ">0.75W</field>
        <field name="Tolerance">1%</field>
      </fields>
      <libsource lib="Device" part="R" description="Resistor"/>
      <sheetpath names="/" tstamps="/"/>
      <tstamp>5F2F49A5</tstamp>
    </comp>
    <comp ref="R31">
      <value>10k</value>
      <footprint>Resistor_SMD:R_1206_3216Metric</footprint>
      <datasheet>https://hr.mouser.com/datasheet/2/54/chp-a-1858677.pdf</datasheet>
      <fields>
        <field name="MFC">Bourns</field>
        <field name="MFC Part No.">CHP1206AFX-1002ELF</field>
        <field name="Mount ">SMT</field>
        <field name="Rating ">0.75W</field>
        <field name="Tolerance">1%</field>
      </fields>
      <libsource lib="Device" part="R" description="Resistor"/>
      <sheetpath names="/" tstamps="/"/>
      <tstamp>5F1EB2A2</tstamp>
    </comp>
  </components>
  <libparts>
    <libpart lib="21787-4 connector" part="2178710-4">
      <fields>
        <field name="Reference">U</field>
        <field name="Value">2178710-4</field>
      </fields>
      <pins>
        <pin num="1" name="1" type="input"/>
        <pin num="2" name="2" type="input"/>
        <pin num="3" name="3" type="input"/>
        <pin num="4" name="4" type="input"/>
      </pins>
    </libpart>
    <libpart lib="Amplifier_Operational" part="LMV321">
      <aliases>
        <alias>MCP6401UT-xOT</alias>
        <alias>MCP6001U</alias>
        <alias>OPA333xxDCK</alias>
        <alias>OPA376xxDCK</alias>
        <alias>OPA330xxDCK</alias>
      </aliases>
      <description>Low-Voltage Rail-to-Rail Output Operational Amplifiers, SOT-23-5/SC-70-5</description>
      <docs>http://www.ti.com/lit/ds/symlink/lmv324.pdf</docs>
      <footprints>
        <fp>SOT?23*</fp>
        <fp>*SC*70*</fp>
      </footprints>
      <fields>
        <field name="Reference">U</field>
        <field name="Value">LMV321</field>
      </fields>
      <pins>
        <pin num="1" name="+" type="input"/>
        <pin num="2" name="V-" type="power_in"/>
        <pin num="3" name="-" type="input"/>
        <pin num="4" name="~" type="output"/>
        <pin num="5" name="V+" type="power_in"/>
      </pins>
    </libpart>
    <libpart lib="Connector" part="Conn_01x02_Male">
      <description>Generic connector, single row, 01x02, script generated (kicad-library-utils/schlib/autogen/connector/)</description>
      <docs>~</docs>
      <footprints>
        <fp>Connector*:*_1x??_*</fp>
      </footprints>
      <fields>
        <field name="Reference">J</field>
        <field name="Value">Conn_01x02_Male</field>
      </fields>
      <pins>
        <pin num="1" name="Pin_1" type="passive"/>
        <pin num="2" name="Pin_2" type="passive"/>
      </pins>
    </libpart>
    <libpart lib="Connector" part="Conn_01x05_Male">
      <description>Generic connector, single row, 01x05, script generated (kicad-library-utils/schlib/autogen/connector/)</description>
      <docs>~</docs>
      <footprints>
        <fp>Connector*:*_1x??_*</fp>
      </footprints>
      <fields>
        <field name="Reference">J</field>
        <field name="Value">Conn_01x05_Male</field>
      </fields>
      <pins>
        <pin num="1" name="Pin_1" type="passive"/>
        <pin num="2" name="Pin_2" type="passive"/>
        <pin num="3" name="Pin_3" type="passive"/>
        <pin num="4" name="Pin_4" type="passive"/>
        <pin num="5" name="Pin_5" type="passive"/>
      </pins>
    </libpart>
    <libpart lib="Device" part="C">
      <description>Unpolarized capacitor</description>
      <docs>~</docs>
      <footprints>
        <fp>C_*</fp>
      </footprints>
      <fields>
        <field name="Reference">C</field>
        <field name="Value">C</field>
      </fields>
      <pins>
        <pin num="1" name="~" type="passive"/>
        <pin num="2" name="~" type="passive"/>
      </pins>
    </libpart>
    <libpart lib="Device" part="Crystal">
      <description>Two pin crystal</description>
      <docs>~</docs>
      <footprints>
        <fp>Crystal*</fp>
      </footprints>
      <fields>
        <field name="Reference">Y</field>
        <field name="Value">Crystal</field>
      </fields>
      <pins>
        <pin num="1" name="1" type="passive"/>
        <pin num="2" name="2" type="passive"/>
      </pins>
    </libpart>
    <libpart lib="Device" part="D_Zener">
      <description>Zener diode</description>
      <docs>~</docs>
      <footprints>
        <fp>TO-???*</fp>
        <fp>*_Diode_*</fp>
        <fp>*SingleDiode*</fp>
        <fp>D_*</fp>
      </footprints>
      <fields>
        <field name="Reference">D</field>
        <field name="Value">D_Zener</field>
      </fields>
      <pins>
        <pin num="1" name="K" type="passive"/>
        <pin num="2" name="A" type="passive"/>
      </pins>
    </libpart>
    <libpart lib="Device" part="Heater">
      <description>Resistive heater</description>
      <docs>~</docs>
      <fields>
        <field name="Reference">R</field>
        <field name="Value">Heater</field>
      </fields>
      <pins>
        <pin num="1" name="~" type="passive"/>
        <pin num="2" name="~" type="passive"/>
      </pins>
    </libpart>
    <libpart lib="Device" part="L">
      <description>Inductor</description>
      <docs>~</docs>
      <footprints>
        <fp>Choke_*</fp>
        <fp>*Coil*</fp>
        <fp>Inductor_*</fp>
        <fp>L_*</fp>
      </footprints>
      <fields>
        <field name="Reference">L</field>
        <field name="Value">L</field>
      </fields>
      <pins>
        <pin num="1" name="1" type="passive"/>
        <pin num="2" name="2" type="passive"/>
      </pins>
    </libpart>
    <libpart lib="Device" part="LED">
      <description>Light emitting diode</description>
      <docs>~</docs>
      <footprints>
        <fp>LED*</fp>
        <fp>LED_SMD:*</fp>
        <fp>LED_THT:*</fp>
      </footprints>
      <fields>
        <field name="Reference">D</field>
        <field name="Value">LED</field>
      </fields>
      <pins>
        <pin num="1" name="K" type="passive"/>
        <pin num="2" name="A" type="passive"/>
      </pins>
    </libpart>
    <libpart lib="Device" part="L_Core_Ferrite_Coupled_1423">
      <description>Coupled inductor with ferrite core</description>
      <docs>~</docs>
      <footprints>
        <fp>Choke_*</fp>
        <fp>*Coil*</fp>
        <fp>Inductor_*</fp>
        <fp>L_*</fp>
      </footprints>
      <fields>
        <field name="Reference">L</field>
        <field name="Value">L_Core_Ferrite_Coupled_1423</field>
      </fields>
      <pins>
        <pin num="1" name="1" type="passive"/>
        <pin num="2" name="2" type="passive"/>
        <pin num="3" name="3" type="passive"/>
        <pin num="4" name="4" type="passive"/>
      </pins>
    </libpart>
    <libpart lib="Device" part="R">
      <description>Resistor</description>
      <docs>~</docs>
      <footprints>
        <fp>R_*</fp>
      </footprints>
      <fields>
        <field name="Reference">R</field>
        <field name="Value">R</field>
      </fields>
      <pins>
        <pin num="1" name="~" type="passive"/>
        <pin num="2" name="~" type="passive"/>
      </pins>
    </libpart>
    <libpart lib="Device" part="Thermistor_NTC">
      <description>Temperature dependent resistor, negative temperature coefficient</description>
      <docs>~</docs>
      <footprints>
        <fp>*NTC*</fp>
        <fp>*Thermistor*</fp>
        <fp>PIN?ARRAY*</fp>
        <fp>bornier*</fp>
        <fp>*Terminal?Block*</fp>
        <fp>R_*</fp>
      </footprints>
      <fields>
        <field name="Reference">TH</field>
        <field name="Value">Thermistor_NTC</field>
      </fields>
      <pins>
        <pin num="1" name="~" type="passive"/>
        <pin num="2" name="~" type="passive"/>
      </pins>
    </libpart>
    <libpart lib="Switch" part="SW_Push">
      <description>Push button switch, generic, two pins</description>
      <docs>~</docs>
      <fields>
        <field name="Reference">SW</field>
        <field name="Value">SW_Push</field>
      </fields>
      <pins>
        <pin num="1" name="1" type="passive"/>
        <pin num="2" name="2" type="passive"/>
      </pins>
    </libpart>
    <libpart lib="Transistor_FET" part="BSS138">
      <aliases>
        <alias>2N7002</alias>
        <alias>2N7002E</alias>
        <alias>2N7002H</alias>
        <alias>2N7002K</alias>
        <alias>BS170F</alias>
        <alias>BS870</alias>
        <alias>BSN20</alias>
        <alias>BSS123</alias>
        <alias>BSS127S</alias>
        <alias>DMG2302U</alias>
        <alias>DMG3402L</alias>
        <alias>DMG3404L</alias>
        <alias>DMG3406L</alias>
        <alias>DMG3414U</alias>
        <alias>DMG3418L</alias>
        <alias>DMN10H220L</alias>
        <alias>DMN10H700S</alias>
        <alias>DMN13H750S</alias>
        <alias>DMN2041L</alias>
        <alias>DMN2050L</alias>
        <alias>DMN2056U</alias>
        <alias>DMN2058U</alias>
        <alias>DMN2075U</alias>
        <alias>DMN2230U</alias>
        <alias>DMN24H11DS</alias>
        <alias>DMN24H3D5L</alias>
        <alias>DMN3042L</alias>
        <alias>DMN3051L</alias>
        <alias>DMN30H4D0L</alias>
        <alias>DMN3110S</alias>
        <alias>DMN3150L</alias>
        <alias>DMN3300U</alias>
        <alias>DMN3404L</alias>
        <alias>DMN6075S</alias>
        <alias>DMN6140L</alias>
        <alias>DMN67D7L</alias>
        <alias>DMN67D8L</alias>
        <alias>MMBF170</alias>
        <alias>VN10LF</alias>
        <alias>ZVN3306F</alias>
        <alias>ZVN3310F</alias>
        <alias>ZVN3320F</alias>
        <alias>ZVN4106F</alias>
        <alias>ZXM61N02F</alias>
        <alias>ZXM61N03F</alias>
        <alias>ZXMN10A07F</alias>
        <alias>ZXMN2A01F</alias>
        <alias>ZXMN2A14F</alias>
        <alias>ZXMN2B01F</alias>
        <alias>ZXMN2B14FH</alias>
        <alias>ZXMN2F30FH</alias>
        <alias>ZXMN2F34FH</alias>
        <alias>ZXMN3A01F</alias>
        <alias>ZXMN3A14F</alias>
        <alias>ZXMN3B01F</alias>
        <alias>ZXMN3B14F</alias>
        <alias>ZXMN3F30FH</alias>
        <alias>ZXMN6A07F</alias>
        <alias>IRLML0030</alias>
        <alias>IRLML2060</alias>
        <alias>TSM2302CX</alias>
      </aliases>
      <description>50V Vds, 0.22A Id, N-Channel MOSFET, SOT-23</description>
      <docs>https://www.fairchildsemi.com/datasheets/BS/BSS138.pdf</docs>
      <footprints>
        <fp>SOT?23*</fp>
      </footprints>
      <fields>
        <field name="Reference">Q</field>
        <field name="Value">BSS138</field>
        <field name="Footprint">Package_TO_SOT_SMD:SOT-23</field>
      </fields>
      <pins>
        <pin num="1" name="G" type="input"/>
        <pin num="2" name="S" type="passive"/>
        <pin num="3" name="D" type="passive"/>
      </pins>
    </libpart>
    <libpart lib="sn65hdv10dr" part="SN65HDV10DR">
      <fields>
        <field name="Reference">U</field>
        <field name="Value">SN65HDV10DR</field>
      </fields>
      <pins>
        <pin num="1" name="RX" type="input"/>
        <pin num="2" name="RX_EN" type="output"/>
        <pin num="3" name="TX_EN" type="output"/>
        <pin num="4" name="TX" type="output"/>
        <pin num="5" name="GND" type="output"/>
        <pin num="6" name="A" type="output"/>
        <pin num="7" name="B" type="output"/>
        <pin num="8" name="VCC" type="output"/>
      </pins>
    </libpart>
    <libpart lib="sn65hdv14ic" part="SN65HDV14ic">
      <fields>
        <field name="Reference">U</field>
        <field name="Value">SN65HDV14ic</field>
      </fields>
      <pins>
        <pin num="1" name="NC" type="input"/>
        <pin num="2" name="RX" type="input"/>
        <pin num="3" name="RXEN" type="input"/>
        <pin num="4" name="TXEN" type="input"/>
        <pin num="5" name="TX" type="input"/>
        <pin num="6" name="GND" type="input"/>
        <pin num="7" name="GND" type="input"/>
        <pin num="8" name="NC" type="input"/>
        <pin num="9" name="Y" type="input"/>
        <pin num="10" name="Z" type="input"/>
        <pin num="11" name="B" type="input"/>
        <pin num="12" name="A" type="input"/>
        <pin num="13" name="VCC" type="input"/>
        <pin num="14" name="VCC" type="input"/>
      </pins>
    </libpart>
    <libpart lib="stm32g031k6" part="STM32g031K6">
      <docs>https://www.st.com/resource/en/datasheet/stm32g031j4.pdf</docs>
      <fields>
        <field name="Reference">U</field>
        <field name="Value">STM32g031K6</field>
      </fields>
      <pins>
        <pin num="1" name="PB9" type="input"/>
        <pin num="2" name="PC14-OSC32_IN" type="input"/>
        <pin num="3" name="PC15-OSC32_OUT" type="input"/>
        <pin num="4" name="VDD/VDDA" type="input"/>
        <pin num="5" name="VSS/VSSA" type="input"/>
        <pin num="6" name="PF2-NRST" type="input"/>
        <pin num="7" name="PA0" type="input"/>
        <pin num="8" name="PA1" type="input"/>
        <pin num="9" name="PA2" type="input"/>
        <pin num="10" name="PA3" type="input"/>
        <pin num="11" name="PA4" type="input"/>
        <pin num="12" name="PA5" type="input"/>
        <pin num="13" name="PA6" type="input"/>
        <pin num="14" name="PA7" type="input"/>
        <pin num="15" name="PB0" type="input"/>
        <pin num="16" name="PB1" type="input"/>
        <pin num="17" name="PB2" type="input"/>
        <pin num="18" name="PA8" type="input"/>
        <pin num="19" name="PA9" type="input"/>
        <pin num="20" name="PC6" type="input"/>
        <pin num="21" name="PA10" type="input"/>
        <pin num="22" name="PA11" type="input"/>
        <pin num="23" name="PA12" type="input"/>
        <pin num="24" name="PA13" type="input"/>
        <pin num="25" name="PA14-BOOT0" type="input"/>
        <pin num="26" name="PA15" type="input"/>
        <pin num="27" name="PB3" type="input"/>
        <pin num="28" name="PB4" type="input"/>
        <pin num="29" name="PB5" type="input"/>
        <pin num="30" name="PB6" type="input"/>
        <pin num="31" name="PB7" type="input"/>
        <pin num="32" name="PB8" type="input"/>
      </pins>
    </libpart>
    <libpart lib="tps6107" part="TPS6107x">
      <fields>
        <field name="Reference">U</field>
        <field name="Value">TPS6107x</field>
      </fields>
      <pins>
        <pin num="1" name="SW" type="input"/>
        <pin num="2" name="GND" type="input"/>
        <pin num="3" name="EN" type="input"/>
        <pin num="4" name="FB" type="input"/>
        <pin num="5" name="VOUT" type="input"/>
        <pin num="6" name="VBAT" type="input"/>
      </pins>
    </libpart>
  </libparts>
  <libraries>
    <library logical="21787-4 connector">
      <uri>C:\Users\HP\Documents\KiCad\Sintaksa-stm32g031-BMSmodul/21787-4 connector.lib</uri>
    </library>
    <library logical="Amplifier_Operational">
      <uri>C:\Program Files\KiCad\share\kicad\library/Amplifier_Operational.lib</uri>
    </library>
    <library logical="Connector">
      <uri>C:\Program Files\KiCad\share\kicad\library/Connector.lib</uri>
    </library>
    <library logical="Device">
      <uri>C:\Program Files\KiCad\share\kicad\library/Device.lib</uri>
    </library>
    <library logical="Switch">
      <uri>C:\Program Files\KiCad\share\kicad\library/Switch.lib</uri>
    </library>
    <library logical="Transistor_FET">
      <uri>C:\Program Files\KiCad\share\kicad\library/Transistor_FET.lib</uri>
    </library>
    <library logical="sn65hdv10dr">
      <uri>C:\Users\HP\Documents\KiCad\Sintaksa-stm32g031-BMSmodul/sn65hdv10dr.lib</uri>
    </library>
    <library logical="sn65hdv14ic">
      <uri>C:\Users\HP\Documents\KiCad\Sintaksa-stm32g031-BMSmodul/sn65hdv14ic.lib</uri>
    </library>
    <library logical="stm32g031k6">
      <uri>C:\Users\HP\Documents\KiCad\Sintaksa-stm32g031-BMSmodul/stm32g031k6.lib</uri>
    </library>
    <library logical="tps6107">
      <uri>C:\Users\HP\Documents\KiCad\Sintaksa-stm32g031-BMSmodul/tps6107.lib</uri>
    </library>
  </libraries>
  <nets>
    <net code="1" name="Net-(L2-Pad2)">
      <node ref="R15" pin="1"/>
      <node ref="L3" pin="3"/>
      <node ref="L2" pin="2"/>
    </net>
    <net code="2" name="Z_COMM">
      <node ref="C12" pin="2"/>
      <node ref="U8" pin="3"/>
      <node ref="R13" pin="1"/>
    </net>
    <net code="3" name="Y_COMM">
      <node ref="R13" pin="2"/>
      <node ref="C13" pin="1"/>
      <node ref="U8" pin="2"/>
    </net>
    <net code="4" name="A2_COMM">
      <node ref="U7" pin="3"/>
      <node ref="C10" pin="2"/>
      <node ref="R12" pin="1"/>
    </net>
    <net code="5" name="B2_COMM">
      <node ref="C11" pin="1"/>
      <node ref="R12" pin="2"/>
      <node ref="U7" pin="2"/>
    </net>
    <net code="6" name="A1_COMM">
      <node ref="R14" pin="1"/>
      <node ref="U6" pin="3"/>
      <node ref="C8" pin="2"/>
    </net>
    <net code="7" name="B1_COMM">
      <node ref="U6" pin="2"/>
      <node ref="C9" pin="1"/>
      <node ref="R14" pin="2"/>
    </net>
    <net code="8" name="GND">
      <node ref="J2" pin="2"/>
      <node ref="R3" pin="2"/>
      <node ref="R2" pin="2"/>
      <node ref="R4" pin="2"/>
      <node ref="R7" pin="2"/>
      <node ref="R30" pin="2"/>
      <node ref="U1" pin="5"/>
      <node ref="U3" pin="5"/>
      <node ref="U5" pin="2"/>
      <node ref="R10" pin="2"/>
      <node ref="Q1" pin="2"/>
      <node ref="J7" pin="1"/>
      <node ref="C6" pin="2"/>
      <node ref="R11" pin="1"/>
      <node ref="U4" pin="7"/>
      <node ref="R32" pin="1"/>
      <node ref="U4" pin="6"/>
      <node ref="J1" pin="1"/>
      <node ref="D6" pin="2"/>
      <node ref="C17" pin="2"/>
      <node ref="C2" pin="2"/>
      <node ref="C14" pin="1"/>
      <node ref="D8" pin="2"/>
      <node ref="C15" pin="1"/>
      <node ref="D7" pin="2"/>
      <node ref="C1" pin="2"/>
      <node ref="D5" pin="2"/>
      <node ref="D9" pin="2"/>
      <node ref="D4" pin="2"/>
      <node ref="C16" pin="2"/>
      <node ref="SW1" pin="2"/>
      <node ref="C4" pin="1"/>
      <node ref="C5" pin="2"/>
      <node ref="J7" pin="2"/>
      <node ref="R25" pin="1"/>
      <node ref="U2" pin="2"/>
      <node ref="C3" pin="2"/>
    </net>
    <net code="9" name="Net-(D5-Pad1)">
      <node ref="R28" pin="2"/>
      <node ref="U3" pin="6"/>
      <node ref="D5" pin="1"/>
    </net>
    <net code="10" name="A1">
      <node ref="L2" pin="3"/>
      <node ref="R28" pin="1"/>
      <node ref="J3" pin="1"/>
      <node ref="R15" pin="2"/>
    </net>
    <net code="11" name="B1">
      <node ref="J3" pin="2"/>
      <node ref="L2" pin="4"/>
      <node ref="R29" pin="1"/>
      <node ref="R16" pin="2"/>
    </net>
    <net code="12" name="Net-(L6-Pad1)">
      <node ref="L7" pin="4"/>
      <node ref="L6" pin="1"/>
      <node ref="R20" pin="1"/>
    </net>
    <net code="13" name="Net-(L4-Pad1)">
      <node ref="L5" pin="4"/>
      <node ref="L4" pin="1"/>
      <node ref="R18" pin="1"/>
    </net>
    <net code="14" name="Net-(L2-Pad1)">
      <node ref="R16" pin="1"/>
      <node ref="L2" pin="1"/>
      <node ref="L3" pin="4"/>
    </net>
    <net code="15" name="Net-(L4-Pad2)">
      <node ref="R17" pin="1"/>
      <node ref="L5" pin="3"/>
      <node ref="L4" pin="2"/>
    </net>
    <net code="16" name="NRST">
      <node ref="SW1" pin="1"/>
      <node ref="U1" pin="6"/>
      <node ref="J2" pin="5"/>
      <node ref="R27" pin="1"/>
    </net>
    <net code="17" name="3.3V">
      <node ref="R24" pin="2"/>
      <node ref="U4" pin="14"/>
      <node ref="U4" pin="13"/>
      <node ref="C2" pin="1"/>
      <node ref="U2" pin="5"/>
      <node ref="J6" pin="2"/>
      <node ref="U5" pin="5"/>
      <node ref="J6" pin="1"/>
      <node ref="TH1" pin="1"/>
      <node ref="R34" pin="1"/>
      <node ref="C14" pin="2"/>
      <node ref="R33" pin="2"/>
      <node ref="U1" pin="4"/>
      <node ref="C15" pin="2"/>
      <node ref="R27" pin="2"/>
      <node ref="TH2" pin="1"/>
      <node ref="J2" pin="1"/>
      <node ref="R1" pin="1"/>
      <node ref="U3" pin="8"/>
      <node ref="R31" pin="1"/>
      <node ref="C17" pin="1"/>
    </net>
    <net code="18" name="Net-(C13-Pad2)">
      <node ref="C13" pin="2"/>
      <node ref="L7" pin="1"/>
    </net>
    <net code="19" name="Net-(C12-Pad1)">
      <node ref="C12" pin="1"/>
      <node ref="L7" pin="2"/>
    </net>
    <net code="20" name="Z">
      <node ref="R37" pin="2"/>
      <node ref="L6" pin="3"/>
      <node ref="J5" pin="1"/>
      <node ref="R19" pin="2"/>
    </net>
    <net code="21" name="Y">
      <node ref="L6" pin="4"/>
      <node ref="R38" pin="1"/>
      <node ref="J5" pin="2"/>
      <node ref="R20" pin="2"/>
    </net>
    <net code="22" name="Net-(L6-Pad2)">
      <node ref="R19" pin="1"/>
      <node ref="L6" pin="2"/>
      <node ref="L7" pin="3"/>
    </net>
    <net code="23" name="RXEN">
      <node ref="U1" pin="22"/>
      <node ref="R34" pin="2"/>
      <node ref="U4" pin="3"/>
    </net>
    <net code="24" name="UART2_RX">
      <node ref="U4" pin="2"/>
      <node ref="U1" pin="10"/>
      <node ref="J12" pin="2"/>
      <node ref="R33" pin="1"/>
    </net>
    <net code="25" name="TXEN">
      <node ref="U4" pin="4"/>
      <node ref="R32" pin="2"/>
      <node ref="U1" pin="21"/>
    </net>
    <net code="26" name="Net-(U7-Pad4)">
      <node ref="U7" pin="4"/>
    </net>
    <net code="27" name="Net-(U8-Pad1)">
      <node ref="U8" pin="1"/>
    </net>
    <net code="28" name="Net-(U8-Pad4)">
      <node ref="U8" pin="4"/>
    </net>
    <net code="29" name="Net-(U7-Pad1)">
      <node ref="U7" pin="1"/>
    </net>
    <net code="30" name="UART1_RX">
      <node ref="J11" pin="2"/>
      <node ref="R31" pin="2"/>
      <node ref="U3" pin="1"/>
      <node ref="U1" pin="31"/>
    </net>
    <net code="31" name="Net-(D4-Pad1)">
      <node ref="D4" pin="1"/>
      <node ref="R29" pin="2"/>
      <node ref="U3" pin="7"/>
    </net>
    <net code="32" name="Net-(R24-Pad1)">
      <node ref="R25" pin="2"/>
      <node ref="R24" pin="1"/>
      <node ref="U5" pin="1"/>
    </net>
    <net code="33" name="BATT+RAW">
      <node ref="C1" pin="1"/>
      <node ref="J10" pin="2"/>
      <node ref="R8" pin="1"/>
      <node ref="J1" pin="2"/>
      <node ref="R5" pin="2"/>
      <node ref="J10" pin="1"/>
      <node ref="D2" pin="2"/>
      <node ref="C16" pin="1"/>
      <node ref="U2" pin="3"/>
      <node ref="L1" pin="1"/>
      <node ref="U2" pin="6"/>
    </net>
    <net code="34" name="RS-485-EN">
      <node ref="R30" pin="1"/>
      <node ref="U3" pin="3"/>
      <node ref="U3" pin="2"/>
      <node ref="U1" pin="32"/>
    </net>
    <net code="35" name="Net-(U4-Pad8)">
      <node ref="U4" pin="8"/>
    </net>
    <net code="36" name="G">
      <node ref="U4" pin="9"/>
      <node ref="D9" pin="1"/>
      <node ref="R38" pin="2"/>
    </net>
    <net code="37" name="Net-(U6-Pad1)">
      <node ref="U6" pin="1"/>
    </net>
    <net code="38" name="Net-(U6-Pad4)">
      <node ref="U6" pin="4"/>
    </net>
    <net code="39" name="Net-(U4-Pad1)">
      <node ref="U4" pin="1"/>
    </net>
    <net code="40" name="F">
      <node ref="R37" pin="1"/>
      <node ref="U4" pin="10"/>
      <node ref="D8" pin="1"/>
    </net>
    <net code="41" name="E">
      <node ref="R35" pin="1"/>
      <node ref="D6" pin="1"/>
      <node ref="U4" pin="11"/>
    </net>
    <net code="42" name="D">
      <node ref="D7" pin="1"/>
      <node ref="U4" pin="12"/>
      <node ref="R36" pin="2"/>
    </net>
    <net code="43" name="Net-(C7-Pad2)">
      <node ref="R22" pin="1"/>
      <node ref="C7" pin="2"/>
    </net>
    <net code="45" name="ADC_VOLT_IN">
      <node ref="J8" pin="1"/>
      <node ref="J8" pin="2"/>
      <node ref="C3" pin="1"/>
      <node ref="R9" pin="2"/>
      <node ref="U1" pin="8"/>
      <node ref="R10" pin="1"/>
      <node ref="R23" pin="2"/>
    </net>
    <net code="46" name="Net-(R22-Pad2)">
      <node ref="R22" pin="2"/>
      <node ref="R23" pin="1"/>
      <node ref="U5" pin="3"/>
      <node ref="R26" pin="1"/>
    </net>
    <net code="47" name="PWM_OUT">
      <node ref="U1" pin="18"/>
      <node ref="R21" pin="2"/>
    </net>
    <net code="48" name="Net-(C6-Pad1)">
      <node ref="C7" pin="1"/>
      <node ref="C6" pin="1"/>
      <node ref="R21" pin="1"/>
    </net>
    <net code="49" name="Net-(U1-Pad17)">
      <node ref="U1" pin="17"/>
    </net>
    <net code="50" name="B2">
      <node ref="L4" pin="4"/>
      <node ref="R18" pin="2"/>
      <node ref="J4" pin="2"/>
      <node ref="R35" pin="2"/>
    </net>
    <net code="51" name="ADC_TEMP_2">
      <node ref="TH2" pin="2"/>
      <node ref="R4" pin="1"/>
      <node ref="U1" pin="12"/>
    </net>
    <net code="52" name="Net-(U1-Pad13)">
      <node ref="U1" pin="13"/>
    </net>
    <net code="53" name="Net-(U1-Pad14)">
      <node ref="U1" pin="14"/>
    </net>
    <net code="54" name="Net-(U1-Pad15)">
      <node ref="U1" pin="15"/>
    </net>
    <net code="55" name="Net-(U1-Pad16)">
      <node ref="U1" pin="16"/>
    </net>
    <net code="56" name="A2">
      <node ref="J4" pin="1"/>
      <node ref="L4" pin="3"/>
      <node ref="R17" pin="2"/>
      <node ref="R36" pin="1"/>
    </net>
    <net code="57" name="Net-(U1-Pad19)">
      <node ref="U1" pin="19"/>
    </net>
    <net code="58" name="OCS32_IN">
      <node ref="U1" pin="2"/>
      <node ref="Y1" pin="2"/>
      <node ref="C4" pin="2"/>
    </net>
    <net code="59" name="Net-(U1-Pad20)">
      <node ref="U1" pin="20"/>
    </net>
    <net code="60" name="SWDIO">
      <node ref="J2" pin="4"/>
      <node ref="U1" pin="24"/>
    </net>
    <net code="61" name="SWCLK">
      <node ref="J2" pin="3"/>
      <node ref="U1" pin="25"/>
    </net>
    <net code="62" name="Net-(U1-Pad26)">
      <node ref="U1" pin="26"/>
    </net>
    <net code="63" name="Net-(R8-Pad2)">
      <node ref="R9" pin="1"/>
      <node ref="R8" pin="2"/>
    </net>
    <net code="64" name="Net-(D3-Pad1)">
      <node ref="R11" pin="2"/>
      <node ref="D3" pin="1"/>
    </net>
    <net code="65" name="Net-(D2-Pad1)">
      <node ref="R6" pin="1"/>
      <node ref="D2" pin="1"/>
    </net>
    <net code="66" name="Net-(Q1-Pad3)">
      <node ref="R6" pin="2"/>
      <node ref="R5" pin="1"/>
      <node ref="Q1" pin="3"/>
    </net>
    <net code="67" name="STATUS_PIN">
      <node ref="D3" pin="2"/>
      <node ref="U1" pin="23"/>
    </net>
    <net code="68" name="ADC_TEMP_1">
      <node ref="U1" pin="11"/>
      <node ref="R3" pin="1"/>
      <node ref="TH1" pin="2"/>
    </net>
    <net code="69" name="ON-OFF">
      <node ref="R7" pin="1"/>
      <node ref="Q1" pin="1"/>
      <node ref="U1" pin="1"/>
    </net>
    <net code="70" name="Net-(U1-Pad27)">
      <node ref="U1" pin="27"/>
    </net>
    <net code="71" name="OSC32_OUT">
      <node ref="U1" pin="3"/>
      <node ref="Y1" pin="1"/>
      <node ref="C5" pin="1"/>
    </net>
    <net code="72" name="Net-(L1-Pad2)">
      <node ref="L1" pin="2"/>
      <node ref="U2" pin="1"/>
    </net>
    <net code="73" name="Net-(C8-Pad1)">
      <node ref="L3" pin="2"/>
      <node ref="C8" pin="1"/>
    </net>
    <net code="74" name="Net-(C9-Pad2)">
      <node ref="L3" pin="1"/>
      <node ref="C9" pin="2"/>
    </net>
    <net code="75" name="Net-(C10-Pad1)">
      <node ref="L5" pin="2"/>
      <node ref="C10" pin="1"/>
    </net>
    <net code="76" name="Net-(C11-Pad2)">
      <node ref="L5" pin="1"/>
      <node ref="C11" pin="2"/>
    </net>
    <net code="77" name="Net-(R1-Pad2)">
      <node ref="U2" pin="4"/>
      <node ref="R1" pin="2"/>
      <node ref="R2" pin="1"/>
    </net>
    <net code="78" name="Net-(U1-Pad28)">
      <node ref="U1" pin="28"/>
    </net>
    <net code="79" name="Net-(U1-Pad29)">
      <node ref="U1" pin="29"/>
    </net>
    <net code="80" name="UART1_TX">
      <node ref="U1" pin="30"/>
      <node ref="J11" pin="1"/>
      <node ref="U3" pin="4"/>
    </net>
    <net code="81" name="ADC_VOLT">
      <node ref="R26" pin="2"/>
      <node ref="U5" pin="4"/>
      <node ref="J9" pin="1"/>
      <node ref="J9" pin="2"/>
      <node ref="U1" pin="7"/>
    </net>
    <net code="82" name="UART2_TX">
      <node ref="U4" pin="5"/>
      <node ref="J12" pin="1"/>
      <node ref="U1" pin="9"/>
    </net>
  </nets>
</export>
